instance,family,n,wmin,wmax,seed,capacity,instance_index,alpha
hi_n10000-0-s731232778c45667812.ukp,hi,10000,,,731232778,45667812,0,
hi_n10000-1-s594914841c52926330.ukp,hi,10000,,,594914841,52926330,1,
hi_n10000-10-s199607488c69682757.ukp,hi,10000,,,199607488,69682757,10,
hi_n10000-100-s707331854c53704595.ukp,hi,10000,,,707331854,53704595,100,
hi_n10000-101-s84621548c4166538.ukp,hi,10000,,,84621548,4166538,101,
hi_n10000-102-s172246721c6389019.ukp,hi,10000,,,172246721,6389019,102,
hi_n10000-103-s178264529c10388797.ukp,hi,10000,,,178264529,10388797,103,
hi_n10000-104-s327926759c45518851.ukp,hi,10000,,,327926759,45518851,104,
hi_n10000-105-s142189552c45458930.ukp,hi,10000,,,142189552,45458930,105,
hi_n10000-106-s848304836c42536160.ukp,hi,10000,,,848304836,42536160,106,
hi_n10000-107-s714494527c75126340.ukp,hi,10000,,,714494527,75126340,107,
hi_n10000-108-s95037918c53352688.ukp,hi,10000,,,95037918,53352688,108,
hi_n10000-109-s463136216c75456123.ukp,hi,10000,,,463136216,75456123,109,
hi_n10000-11-s895832870c87027021.ukp,hi,10000,,,895832870,87027021,11,
hi_n10000-110-s212281133c21087652.ukp,hi,10000,,,212281133,21087652,110,
hi_n10000-111-s586238258c3362862.ukp,hi,10000,,,586238258,3362862,111,
hi_n10000-112-s192471812c88769444.ukp,hi,10000,,,192471812,88769444,112,
hi_n10000-113-s992980497c45420750.ukp,hi,10000,,,992980497,45420750,113,
hi_n10000-114-s455861864c29391418.ukp,hi,10000,,,455861864,29391418,114,
hi_n10000-115-s379824190c18555434.ukp,hi,10000,,,379824190,18555434,115,
hi_n10000-116-s239745902c72714935.ukp,hi,10000,,,239745902,72714935,116,
hi_n10000-117-s248366140c20581375.ukp,hi,10000,,,248366140,20581375,117,
hi_n10000-118-s155606980c62289029.ukp,hi,10000,,,155606980,62289029,118,
hi_n10000-119-s735284445c50409463.ukp,hi,10000,,,735284445,50409463,119,
hi_n10000-12-s420935988c69330407.ukp,hi,10000,,,420935988,69330407,12,
hi_n10000-120-s942541845c78856406.ukp,hi,10000,,,942541845,78856406,120,
hi_n10000-121-s115898593c15235637.ukp,hi,10000,,,115898593,15235637,121,
hi_n10000-122-s353625363c16342441.ukp,hi,10000,,,353625363,16342441,122,
hi_n10000-123-s787365902c93358101.ukp,hi,10000,,,787365902,93358101,123,
hi_n10000-124-s393407547c42815789.ukp,hi,10000,,,393407547,42815789,124,
hi_n10000-125-s167176164c8803729.ukp,hi,10000,,,167176164,8803729,125,
hi_n10000-126-s916049162c93220260.ukp,hi,10000,,,916049162,93220260,126,
hi_n10000-127-s214618533c37264059.ukp,hi,10000,,,214618533,37264059,127,
hi_n10000-128-s358804843c16123217.ukp,hi,10000,,,358804843,16123217,128,
hi_n10000-129-s504746787c20350242.ukp,hi,10000,,,504746787,20350242,129,
hi_n10000-13-s204947608c51012814.ukp,hi,10000,,,204947608,51012814,13,
hi_n10000-130-s213005048c57131242.ukp,hi,10000,,,213005048,57131242,130,
hi_n10000-131-s871698101c64359857.ukp,hi,10000,,,871698101,64359857,131,
hi_n10000-132-s874105839c11054168.ukp,hi,10000,,,874105839,11054168,132,
hi_n10000-133-s569207249c71860733.ukp,hi,10000,,,569207249,71860733,133,
hi_n10000-134-s669547585c71177761.ukp,hi,10000,,,669547585,71177761,134,
hi_n10000-135-s851758828c42011865.ukp,hi,10000,,,851758828,42011865,135,
hi_n10000-136-s474992288c36686216.ukp,hi,10000,,,474992288,36686216,136,
hi_n10000-137-s784804938c23772910.ukp,hi,10000,,,784804938,23772910,137,
hi_n10000-138-s695516247c15085263.ukp,hi,10000,,,695516247,15085263,138,
hi_n10000-139-s853540834c4988260.ukp,hi,10000,,,853540834,4988260,139,
hi_n10000-14-s318339058c72410003.ukp,hi,10000,,,318339058,72410003,14,
hi_n10000-140-s158609986c21267747.ukp,hi,10000,,,158609986,21267747,140,
hi_n10000-141-s676413851c80980341.ukp,hi,10000,,,676413851,80980341,141,
hi_n10000-142-s445508302c42869767.ukp,hi,10000,,,445508302,42869767,142,
hi_n10000-143-s648685815c71175596.ukp,hi,10000,,,648685815,71175596,143,
hi_n10000-144-s886468679c14985291.ukp,hi,10000,,,886468679,14985291,144,
hi_n10000-145-s156741052c37925648.ukp,hi,10000,,,156741052,37925648,145,
hi_n10000-146-s691792251c7240187.ukp,hi,10000,,,691792251,7240187,146,
hi_n10000-147-s665348674c56069316.ukp,hi,10000,,,665348674,56069316,147,
hi_n10000-148-s158763026c2623462.ukp,hi,10000,,,158763026,2623462,148,
hi_n10000-149-s749672123c2293788.ukp,hi,10000,,,749672123,2293788,149,
hi_n10000-15-s750851024c76269221.ukp,hi,10000,,,750851024,76269221,15,
hi_n10000-150-s284805461c74513131.ukp,hi,10000,,,284805461,74513131,150,
hi_n10000-151-s718716699c44163683.ukp,hi,10000,,,718716699,44163683,151,
hi_n10000-152-s95933711c73949523.ukp,hi,10000,,,95933711,73949523,152,
hi_n10000-153-s212229957c20180366.ukp,hi,10000,,,212229957,20180366,153,
hi_n10000-154-s898053813c74781762.ukp,hi,10000,,,898053813,74781762,154,
hi_n10000-155-s228047780c5590253.ukp,hi,10000,,,228047780,5590253,155,
hi_n10000-156-s338119343c32032990.ukp,hi,10000,,,338119343,32032990,156,
hi_n10000-157-s491707671c69314154.ukp,hi,10000,,,491707671,69314154,157,
hi_n10000-158-s394447196c8367345.ukp,hi,10000,,,394447196,8367345,158,
hi_n10000-159-s889351749c96021846.ukp,hi,10000,,,889351749,96021846,159,
hi_n10000-16-s221755733c6712104.ukp,hi,10000,,,221755733,6712104,16,
hi_n10000-160-s795342803c95575771.ukp,hi,10000,,,795342803,95575771,160,
hi_n10000-161-s357785697c39179680.ukp,hi,10000,,,357785697,39179680,161,
hi_n10000-162-s993255606c71822450.ukp,hi,10000,,,993255606,71822450,162,
hi_n10000-163-s498052849c49571060.ukp,hi,10000,,,498052849,49571060,163,
hi_n10000-164-s976819494c75412060.ukp,hi,10000,,,976819494,75412060,164,
hi_n10000-165-s562005415c53265396.ukp,hi,10000,,,562005415,53265396,165,
hi_n10000-166-s986141003c63442624.ukp,hi,10000,,,986141003,63442624,166,
hi_n10000-167-s503963159c47139048.ukp,hi,10000,,,503963159,47139048,167,
hi_n10000-168-s568785642c29041453.ukp,hi,10000,,,568785642,29041453,168,
hi_n10000-169-s918500202c56205560.ukp,hi,10000,,,918500202,56205560,169,
hi_n10000-17-s994385767c76272157.ukp,hi,10000,,,994385767,76272157,17,
hi_n10000-170-s865173399c57725132.ukp,hi,10000,,,865173399,57725132,170,
hi_n10000-171-s982002864c71501062.ukp,hi,10000,,,982002864,71501062,171,
hi_n10000-172-s332240810c39545255.ukp,hi,10000,,,332240810,39545255,172,
hi_n10000-173-s898334592c72807244.ukp,hi,10000,,,898334592,72807244,173,
hi_n10000-174-s902437174c43232789.ukp,hi,10000,,,902437174,43232789,174,
hi_n10000-175-s690859146c65804643.ukp,hi,10000,,,690859146,65804643,175,
hi_n10000-176-s749117416c11059993.ukp,hi,10000,,,749117416,11059993,176,
hi_n10000-177-s12157337c46470724.ukp,hi,10000,,,12157337,46470724,177,
hi_n10000-178-s399402953c30601366.ukp,hi,10000,,,399402953,30601366,178,
hi_n10000-179-s512244761c66754892.ukp,hi,10000,,,512244761,66754892,179,
hi_n10000-18-s575639252c63036883.ukp,hi,10000,,,575639252,63036883,18,
hi_n10000-180-s497842916c16268264.ukp,hi,10000,,,497842916,16268264,180,
hi_n10000-181-s597147704c43038225.ukp,hi,10000,,,597147704,43038225,181,
hi_n10000-182-s551254315c79139351.ukp,hi,10000,,,551254315,79139351,182,
hi_n10000-183-s334933134c82045239.ukp,hi,10000,,,334933134,82045239,183,
hi_n10000-184-s675142562c20049058.ukp,hi,10000,,,675142562,20049058,184,
hi_n10000-185-s594945988c7148219.ukp,hi,10000,,,594945988,7148219,185,
hi_n10000-186-s781864574c12253773.ukp,hi,10000,,,781864574,12253773,186,
hi_n10000-187-s665806388c48545940.ukp,hi,10000,,,665806388,48545940,187,
hi_n10000-188-s679641345c66914613.ukp,hi,10000,,,679641345,66914613,188,
hi_n10000-189-s759786854c83973295.ukp,hi,10000,,,759786854,83973295,189,
hi_n10000-19-s808826180c61166829.ukp,hi,10000,,,808826180,61166829,19,
hi_n10000-190-s709804088c32729394.ukp,hi,10000,,,709804088,32729394,190,
hi_n10000-191-s436160055c81446325.ukp,hi,10000,,,436160055,81446325,191,
hi_n10000-192-s571431776c4818762.ukp,hi,10000,,,571431776,4818762,192,
hi_n10000-193-s98451920c73862405.ukp,hi,10000,,,98451920,73862405,193,
hi_n10000-194-s589607845c69997274.ukp,hi,10000,,,589607845,69997274,194,
hi_n10000-195-s468077220c99055211.ukp,hi,10000,,,468077220,99055211,195,
hi_n10000-196-s623091554c70863228.ukp,hi,10000,,,623091554,70863228,196,
hi_n10000-197-s733451078c28501327.ukp,hi,10000,,,733451078,28501327,197,
hi_n10000-198-s358578213c41143872.ukp,hi,10000,,,358578213,41143872,198,
hi_n10000-199-s702592739c65245038.ukp,hi,10000,,,702592739,65245038,199,
hi_n10000-2-s324673955c67603969.ukp,hi,10000,,,324673955,67603969,2,
hi_n10000-20-s742053853c73621875.ukp,hi,10000,,,742053853,73621875,20,
hi_n10000-200-s244653983c49433417.ukp,hi,10000,,,244653983,49433417,200,
hi_n10000-201-s562427866c58475891.ukp,hi,10000,,,562427866,58475891,201,
hi_n10000-202-s856354096c11358565.ukp,hi,10000,,,856354096,11358565,202,
hi_n10000-203-s203350890c53143976.ukp,hi,10000,,,203350890,53143976,203,
hi_n10000-204-s185719001c41101871.ukp,hi,10000,,,185719001,41101871,204,
hi_n10000-205-s455315464c88191831.ukp,hi,10000,,,455315464,88191831,205,
hi_n10000-206-s331409890c90794670.ukp,hi,10000,,,331409890,90794670,206,
hi_n10000-207-s396803529c81724154.ukp,hi,10000,,,396803529,81724154,207,
hi_n10000-208-s397415542c95848138.ukp,hi,10000,,,397415542,95848138,208,
hi_n10000-209-s933939819c2567875.ukp,hi,10000,,,933939819,2567875,209,
hi_n10000-21-s669712253c96279181.ukp,hi,10000,,,669712253,96279181,21,
hi_n10000-210-s809677775c75430404.ukp,hi,10000,,,809677775,75430404,210,
hi_n10000-211-s796012404c11248850.ukp,hi,10000,,,796012404,11248850,211,
hi_n10000-212-s630649375c75672542.ukp,hi,10000,,,630649375,75672542,212,
hi_n10000-213-s713186253c74480053.ukp,hi,10000,,,713186253,74480053,213,
hi_n10000-214-s232256585c61205659.ukp,hi,10000,,,232256585,61205659,214,
hi_n10000-215-s375173258c63376904.ukp,hi,10000,,,375173258,63376904,215,
hi_n10000-216-s79856705c10374469.ukp,hi,10000,,,79856705,10374469,216,
hi_n10000-217-s620046486c56263099.ukp,hi,10000,,,620046486,56263099,217,
hi_n10000-218-s237779488c4309866.ukp,hi,10000,,,237779488,4309866,218,
hi_n10000-219-s637974412c59690451.ukp,hi,10000,,,637974412,59690451,219,
hi_n10000-22-s434860255c92425089.ukp,hi,10000,,,434860255,92425089,22,
hi_n10000-220-s32041991c87751611.ukp,hi,10000,,,32041991,87751611,220,
hi_n10000-221-s125393811c94793942.ukp,hi,10000,,,125393811,94793942,221,
hi_n10000-222-s128158014c54210410.ukp,hi,10000,,,128158014,54210410,222,
hi_n10000-223-s303164619c95875310.ukp,hi,10000,,,303164619,95875310,223,
hi_n10000-224-s233995869c39336239.ukp,hi,10000,,,233995869,39336239,224,
hi_n10000-225-s266680480c78916401.ukp,hi,10000,,,266680480,78916401,225,
hi_n10000-226-s143998406c35725875.ukp,hi,10000,,,143998406,35725875,226,
hi_n10000-227-s792636241c6870624.ukp,hi,10000,,,792636241,6870624,227,
hi_n10000-228-s461982901c90961818.ukp,hi,10000,,,461982901,90961818,228,
hi_n10000-229-s430465835c39146777.ukp,hi,10000,,,430465835,39146777,229,
hi_n10000-23-s605460062c54812232.ukp,hi,10000,,,605460062,54812232,23,
hi_n10000-230-s927753013c63032838.ukp,hi,10000,,,927753013,63032838,230,
hi_n10000-231-s687055819c91224172.ukp,hi,10000,,,687055819,91224172,231,
hi_n10000-232-s640375662c84487498.ukp,hi,10000,,,640375662,84487498,232,
hi_n10000-233-s814183802c16920172.ukp,hi,10000,,,814183802,16920172,233,
hi_n10000-234-s363583529c69031267.ukp,hi,10000,,,363583529,69031267,234,
hi_n10000-235-s8562352c51844230.ukp,hi,10000,,,8562352,51844230,235,
hi_n10000-236-s152942261c17228310.ukp,hi,10000,,,152942261,17228310,236,
hi_n10000-237-s301795704c72856050.ukp,hi,10000,,,301795704,72856050,237,
hi_n10000-238-s123616711c11566888.ukp,hi,10000,,,123616711,11566888,238,
hi_n10000-239-s462789496c82157453.ukp,hi,10000,,,462789496,82157453,239,
hi_n10000-24-s320356631c83848093.ukp,hi,10000,,,320356631,83848093,24,
hi_n10000-240-s213174395c18453917.ukp,hi,10000,,,213174395,18453917,240,
hi_n10000-241-s805600152c49749995.ukp,hi,10000,,,805600152,49749995,241,
hi_n10000-242-s149558978c21419484.ukp,hi,10000,,,149558978,21419484,242,
hi_n10000-243-s325290391c7868539.ukp,hi,10000,,,325290391,7868539,243,
hi_n10000-244-s892829231c85127195.ukp,hi,10000,,,892829231,85127195,244,
hi_n10000-245-s40353095c94609986.ukp,hi,10000,,,40353095,94609986,245,
hi_n10000-246-s368872582c15688767.ukp,hi,10000,,,368872582,15688767,246,
hi_n10000-247-s9199696c29033077.ukp,hi,10000,,,9199696,29033077,247,
hi_n10000-248-s569030747c68626132.ukp,hi,10000,,,569030747,68626132,248,
hi_n10000-249-s552268100c80154435.ukp,hi,10000,,,552268100,80154435,249,
hi_n10000-25-s199811851c76710035.ukp,hi,10000,,,199811851,76710035,25,
hi_n10000-250-s173859084c83022319.ukp,hi,10000,,,173859084,83022319,250,
hi_n10000-251-s268449167c89185377.ukp,hi,10000,,,268449167,89185377,251,
hi_n10000-252-s51132700c7731270.ukp,hi,10000,,,51132700,7731270,252,
hi_n10000-253-s43310200c38443197.ukp,hi,10000,,,43310200,38443197,253,
hi_n10000-254-s432746252c34384721.ukp,hi,10000,,,432746252,34384721,254,
hi_n10000-255-s379254110c9133038.ukp,hi,10000,,,379254110,9133038,255,
hi_n10000-256-s142613265c58106216.ukp,hi,10000,,,142613265,58106216,256,
hi_n10000-257-s340363402c21909975.ukp,hi,10000,,,340363402,21909975,257,
hi_n10000-258-s229317703c60158684.ukp,hi,10000,,,229317703,60158684,258,
hi_n10000-259-s941705476c23150543.ukp,hi,10000,,,941705476,23150543,259,
hi_n10000-26-s90924128c8247071.ukp,hi,10000,,,90924128,8247071,26,
hi_n10000-260-s659470201c12472909.ukp,hi,10000,,,659470201,12472909,260,
hi_n10000-261-s966708025c52768400.ukp,hi,10000,,,966708025,52768400,261,
hi_n10000-262-s792039649c3616274.ukp,hi,10000,,,792039649,3616274,262,
hi_n10000-263-s825928988c41520764.ukp,hi,10000,,,825928988,41520764,263,
hi_n10000-264-s956618993c27992676.ukp,hi,10000,,,956618993,27992676,264,
hi_n10000-265-s343126569c57162510.ukp,hi,10000,,,343126569,57162510,265,
hi_n10000-266-s358801221c32638555.ukp,hi,10000,,,358801221,32638555,266,
hi_n10000-267-s837911274c46484320.ukp,hi,10000,,,837911274,46484320,267,
hi_n10000-268-s530664442c74428427.ukp,hi,10000,,,530664442,74428427,268,
hi_n10000-269-s132278514c52055497.ukp,hi,10000,,,132278514,52055497,269,
hi_n10000-27-s532584774c72723498.ukp,hi,10000,,,532584774,72723498,27,
hi_n10000-270-s130765173c39132583.ukp,hi,10000,,,130765173,39132583,270,
hi_n10000-271-s506311923c98487068.ukp,hi,10000,,,506311923,98487068,271,
hi_n10000-272-s876785217c72084240.ukp,hi,10000,,,876785217,72084240,272,
hi_n10000-273-s618044498c24285250.ukp,hi,10000,,,618044498,24285250,273,
hi_n10000-274-s478569737c2186961.ukp,hi,10000,,,478569737,2186961,274,
hi_n10000-275-s720039518c60626353.ukp,hi,10000,,,720039518,60626353,275,
hi_n10000-276-s989609714c75255976.ukp,hi,10000,,,989609714,75255976,276,
hi_n10000-277-s289188356c50481442.ukp,hi,10000,,,289188356,50481442,277,
hi_n10000-278-s818372142c60792332.ukp,hi,10000,,,818372142,60792332,278,
hi_n10000-279-s183931098c45331828.ukp,hi,10000,,,183931098,45331828,279,
hi_n10000-28-s882501307c77307903.ukp,hi,10000,,,882501307,77307903,28,
hi_n10000-280-s813425575c6468045.ukp,hi,10000,,,813425575,6468045,280,
hi_n10000-281-s125668799c14487138.ukp,hi,10000,,,125668799,14487138,281,
hi_n10000-282-s85427437c10235569.ukp,hi,10000,,,85427437,10235569,282,
hi_n10000-283-s491803659c2826473.ukp,hi,10000,,,491803659,2826473,283,
hi_n10000-284-s921541777c88976062.ukp,hi,10000,,,921541777,88976062,284,
hi_n10000-285-s913104367c88817447.ukp,hi,10000,,,913104367,88817447,285,
hi_n10000-286-s54059702c90168948.ukp,hi,10000,,,54059702,90168948,286,
hi_n10000-287-s15834020c49285745.ukp,hi,10000,,,15834020,49285745,287,
hi_n10000-288-s543662160c70334635.ukp,hi,10000,,,543662160,70334635,288,
hi_n10000-289-s682002986c78950639.ukp,hi,10000,,,682002986,78950639,289,
hi_n10000-29-s443600954c54711483.ukp,hi,10000,,,443600954,54711483,29,
hi_n10000-290-s611057533c5980217.ukp,hi,10000,,,611057533,5980217,290,
hi_n10000-291-s244607098c96512683.ukp,hi,10000,,,244607098,96512683,291,
hi_n10000-292-s931912657c3205558.ukp,hi,10000,,,931912657,3205558,292,
hi_n10000-293-s510834339c63973753.ukp,hi,10000,,,510834339,63973753,293,
hi_n10000-294-s171630872c5325948.ukp,hi,10000,,,171630872,5325948,294,
hi_n10000-295-s64565003c10442827.ukp,hi,10000,,,64565003,10442827,295,
hi_n10000-296-s756653619c74835473.ukp,hi,10000,,,756653619,74835473,296,
hi_n10000-297-s125514086c9517459.ukp,hi,10000,,,125514086,9517459,297,
hi_n10000-298-s521709984c28050446.ukp,hi,10000,,,521709984,28050446,298,
hi_n10000-299-s168042333c73671980.ukp,hi,10000,,,168042333,73671980,299,
hi_n10000-3-s300958364c65617717.ukp,hi,10000,,,300958364,65617717,3,
hi_n10000-30-s418727292c56574382.ukp,hi,10000,,,418727292,56574382,30,
hi_n10000-300-s726001211c50458012.ukp,hi,10000,,,726001211,50458012,300,
hi_n10000-301-s777137311c96690566.ukp,hi,10000,,,777137311,96690566,301,
hi_n10000-302-s730277963c62623458.ukp,hi,10000,,,730277963,62623458,302,
hi_n10000-303-s574476872c41158354.ukp,hi,10000,,,574476872,41158354,303,
hi_n10000-304-s227337887c38018343.ukp,hi,10000,,,227337887,38018343,304,
hi_n10000-305-s338216231c60935070.ukp,hi,10000,,,338216231,60935070,305,
hi_n10000-306-s91067200c73917375.ukp,hi,10000,,,91067200,73917375,306,
hi_n10000-307-s896730166c68171942.ukp,hi,10000,,,896730166,68171942,307,
hi_n10000-308-s432774422c61131058.ukp,hi,10000,,,432774422,61131058,308,
hi_n10000-309-s479378978c83540015.ukp,hi,10000,,,479378978,83540015,309,
hi_n10000-31-s410031365c77889933.ukp,hi,10000,,,410031365,77889933,31,
hi_n10000-310-s688536648c34617283.ukp,hi,10000,,,688536648,34617283,310,
hi_n10000-311-s159071442c50840071.ukp,hi,10000,,,159071442,50840071,311,
hi_n10000-312-s329959058c46495603.ukp,hi,10000,,,329959058,46495603,312,
hi_n10000-313-s913802786c51897618.ukp,hi,10000,,,913802786,51897618,313,
hi_n10000-314-s773924804c66834737.ukp,hi,10000,,,773924804,66834737,314,
hi_n10000-315-s741879402c58833585.ukp,hi,10000,,,741879402,58833585,315,
hi_n10000-316-s734079079c60545638.ukp,hi,10000,,,734079079,60545638,316,
hi_n10000-317-s612149826c97122954.ukp,hi,10000,,,612149826,97122954,317,
hi_n10000-318-s72714954c84334033.ukp,hi,10000,,,72714954,84334033,318,
hi_n10000-319-s803803347c12780232.ukp,hi,10000,,,803803347,12780232,319,
hi_n10000-32-s674362184c8388832.ukp,hi,10000,,,674362184,8388832,32,
hi_n10000-320-s851423352c51259982.ukp,hi,10000,,,851423352,51259982,320,
hi_n10000-321-s137237919c80292247.ukp,hi,10000,,,137237919,80292247,321,
hi_n10000-322-s528686676c66644421.ukp,hi,10000,,,528686676,66644421,322,
hi_n10000-323-s526816235c38032118.ukp,hi,10000,,,526816235,38032118,323,
hi_n10000-324-s999192827c80409554.ukp,hi,10000,,,999192827,80409554,324,
hi_n10000-325-s180680115c81991499.ukp,hi,10000,,,180680115,81991499,325,
hi_n10000-326-s90048873c81936904.ukp,hi,10000,,,90048873,81936904,326,
hi_n10000-327-s730437088c16657131.ukp,hi,10000,,,730437088,16657131,327,
hi_n10000-328-s545189497c15423561.ukp,hi,10000,,,545189497,15423561,328,
hi_n10000-329-s620558410c77743926.ukp,hi,10000,,,620558410,77743926,329,
hi_n10000-33-s126192256c7867079.ukp,hi,10000,,,126192256,7867079,33,
hi_n10000-330-s16136692c61533391.ukp,hi,10000,,,16136692,61533391,330,
hi_n10000-331-s363501936c29402241.ukp,hi,10000,,,363501936,29402241,331,
hi_n10000-332-s829921210c98972500.ukp,hi,10000,,,829921210,98972500,332,
hi_n10000-333-s435115918c3598908.ukp,hi,10000,,,435115918,3598908,333,
hi_n10000-334-s798298455c76519692.ukp,hi,10000,,,798298455,76519692,334,
hi_n10000-335-s935632244c98140622.ukp,hi,10000,,,935632244,98140622,335,
hi_n10000-336-s118607476c32905362.ukp,hi,10000,,,118607476,32905362,336,
hi_n10000-337-s789959996c42443650.ukp,hi,10000,,,789959996,42443650,337,
hi_n10000-338-s684896905c84433578.ukp,hi,10000,,,684896905,84433578,338,
hi_n10000-339-s390142488c37551242.ukp,hi,10000,,,390142488,37551242,339,
hi_n10000-34-s467641010c48504579.ukp,hi,10000,,,467641010,48504579,34,
hi_n10000-340-s85004012c51289687.ukp,hi,10000,,,85004012,51289687,340,
hi_n10000-341-s373038940c5221854.ukp,hi,10000,,,373038940,5221854,341,
hi_n10000-342-s644582044c88591286.ukp,hi,10000,,,644582044,88591286,342,
hi_n10000-343-s730267981c37587582.ukp,hi,10000,,,730267981,37587582,343,
hi_n10000-344-s224170978c12780880.ukp,hi,10000,,,224170978,12780880,344,
hi_n10000-345-s245844219c77235193.ukp,hi,10000,,,245844219,77235193,345,
hi_n10000-346-s729743919c35443532.ukp,hi,10000,,,729743919,35443532,346,
hi_n10000-347-s802152580c94828394.ukp,hi,10000,,,802152580,94828394,347,
hi_n10000-348-s97045152c11742257.ukp,hi,10000,,,97045152,11742257,348,
hi_n10000-349-s206981756c24508818.ukp,hi,10000,,,206981756,24508818,349,
hi_n10000-35-s889293313c70201258.ukp,hi,10000,,,889293313,70201258,35,
hi_n10000-350-s285463174c56477119.ukp,hi,10000,,,285463174,56477119,350,
hi_n10000-351-s225507421c82263976.ukp,hi,10000,,,225507421,82263976,351,
hi_n10000-352-s118454554c52359572.ukp,hi,10000,,,118454554,52359572,352,
hi_n10000-353-s834407151c29362429.ukp,hi,10000,,,834407151,29362429,353,
hi_n10000-354-s208448807c84771813.ukp,hi,10000,,,208448807,84771813,354,
hi_n10000-355-s441143757c27987881.ukp,hi,10000,,,441143757,27987881,355,
hi_n10000-356-s383859101c98870925.ukp,hi,10000,,,383859101,98870925,356,
hi_n10000-357-s78596203c94212476.ukp,hi,10000,,,78596203,94212476,357,
hi_n10000-358-s166672639c42244064.ukp,hi,10000,,,166672639,42244064,358,
hi_n10000-359-s46944898c78312231.ukp,hi,10000,,,46944898,78312231,359,
hi_n10000-36-s442208726c59442236.ukp,hi,10000,,,442208726,59442236,36,
hi_n10000-360-s920056164c47822444.ukp,hi,10000,,,920056164,47822444,360,
hi_n10000-361-s10177486c10464637.ukp,hi,10000,,,10177486,10464637,361,
hi_n10000-362-s659945289c49092236.ukp,hi,10000,,,659945289,49092236,362,
hi_n10000-363-s183358641c6068614.ukp,hi,10000,,,183358641,6068614,363,
hi_n10000-364-s195387934c61521125.ukp,hi,10000,,,195387934,61521125,364,
hi_n10000-365-s77820708c67350401.ukp,hi,10000,,,77820708,67350401,365,
hi_n10000-366-s904341899c5591557.ukp,hi,10000,,,904341899,5591557,366,
hi_n10000-367-s114859999c68688348.ukp,hi,10000,,,114859999,68688348,367,
hi_n10000-368-s169616393c73726433.ukp,hi,10000,,,169616393,73726433,368,
hi_n10000-369-s235930013c25778973.ukp,hi,10000,,,235930013,25778973,369,
hi_n10000-37-s252959003c73320246.ukp,hi,10000,,,252959003,73320246,37,
hi_n10000-370-s659803863c58229587.ukp,hi,10000,,,659803863,58229587,370,
hi_n10000-371-s888531767c11551498.ukp,hi,10000,,,888531767,11551498,371,
hi_n10000-372-s726307672c8266762.ukp,hi,10000,,,726307672,8266762,372,
hi_n10000-373-s997278557c98905068.ukp,hi,10000,,,997278557,98905068,373,
hi_n10000-374-s890735735c10592318.ukp,hi,10000,,,890735735,10592318,374,
hi_n10000-375-s134917378c85428792.ukp,hi,10000,,,134917378,85428792,375,
hi_n10000-376-s224319647c96034242.ukp,hi,10000,,,224319647,96034242,376,
hi_n10000-377-s657896393c73663377.ukp,hi,10000,,,657896393,73663377,377,
hi_n10000-378-s578113070c52364034.ukp,hi,10000,,,578113070,52364034,378,
hi_n10000-379-s289613875c36906316.ukp,hi,10000,,,289613875,36906316,379,
hi_n10000-38-s527753500c90683806.ukp,hi,10000,,,527753500,90683806,38,
hi_n10000-380-s360265767c45767429.ukp,hi,10000,,,360265767,45767429,380,
hi_n10000-381-s349395051c86476214.ukp,hi,10000,,,349395051,86476214,381,
hi_n10000-382-s662703693c96268822.ukp,hi,10000,,,662703693,96268822,382,
hi_n10000-383-s91594350c97824125.ukp,hi,10000,,,91594350,97824125,383,
hi_n10000-384-s313927832c63594575.ukp,hi,10000,,,313927832,63594575,384,
hi_n10000-385-s985161383c34004790.ukp,hi,10000,,,985161383,34004790,385,
hi_n10000-386-s363374108c40489326.ukp,hi,10000,,,363374108,40489326,386,
hi_n10000-387-s447645624c48810185.ukp,hi,10000,,,447645624,48810185,387,
hi_n10000-388-s725950929c40803683.ukp,hi,10000,,,725950929,40803683,388,
hi_n10000-389-s863176603c37631849.ukp,hi,10000,,,863176603,37631849,389,
hi_n10000-39-s713413380c48918775.ukp,hi,10000,,,713413380,48918775,39,
hi_n10000-390-s344204701c36779224.ukp,hi,10000,,,344204701,36779224,390,
hi_n10000-391-s356074706c3773069.ukp,hi,10000,,,356074706,3773069,391,
hi_n10000-392-s927015049c49615641.ukp,hi,10000,,,927015049,49615641,392,
hi_n10000-393-s52174714c55319044.ukp,hi,10000,,,52174714,55319044,393,
hi_n10000-394-s78094432c54863187.ukp,hi,10000,,,78094432,54863187,394,
hi_n10000-395-s697826265c81618731.ukp,hi,10000,,,697826265,81618731,395,
hi_n10000-396-s685946136c82493360.ukp,hi,10000,,,685946136,82493360,396,
hi_n10000-397-s29049563c43762165.ukp,hi,10000,,,29049563,43762165,397,
hi_n10000-398-s133251444c70399479.ukp,hi,10000,,,133251444,70399479,398,
hi_n10000-399-s19578528c62794320.ukp,hi,10000,,,19578528,62794320,399,
hi_n10000-4-s182130978c48752651.ukp,hi,10000,,,182130978,48752651,4,
hi_n10000-40-s534548386c95312321.ukp,hi,10000,,,534548386,95312321,40,
hi_n10000-400-s527938850c40340840.ukp,hi,10000,,,527938850,40340840,400,
hi_n10000-401-s949050623c20966660.ukp,hi,10000,,,949050623,20966660,401,
hi_n10000-402-s577881003c41340661.ukp,hi,10000,,,577881003,41340661,402,
hi_n10000-403-s421267430c18011113.ukp,hi,10000,,,421267430,18011113,403,
hi_n10000-404-s698153803c49374815.ukp,hi,10000,,,698153803,49374815,404,
hi_n10000-405-s986435278c13967694.ukp,hi,10000,,,986435278,13967694,405,
hi_n10000-406-s651738470c46087227.ukp,hi,10000,,,651738470,46087227,406,
hi_n10000-407-s115684993c68630324.ukp,hi,10000,,,115684993,68630324,407,
hi_n10000-408-s231573541c66736253.ukp,hi,10000,,,231573541,66736253,408,
hi_n10000-409-s240120430c82854889.ukp,hi,10000,,,240120430,82854889,409,
hi_n10000-41-s262685617c74110651.ukp,hi,10000,,,262685617,74110651,41,
hi_n10000-410-s550957023c76801257.ukp,hi,10000,,,550957023,76801257,410,
hi_n10000-411-s191359717c67990413.ukp,hi,10000,,,191359717,67990413,411,
hi_n10000-412-s395191829c99162216.ukp,hi,10000,,,395191829,99162216,412,
hi_n10000-413-s241841235c97066001.ukp,hi,10000,,,241841235,97066001,413,
hi_n10000-414-s173350832c59042793.ukp,hi,10000,,,173350832,59042793,414,
hi_n10000-415-s308291223c69658761.ukp,hi,10000,,,308291223,69658761,415,
hi_n10000-416-s106334440c70721608.ukp,hi,10000,,,106334440,70721608,416,
hi_n10000-417-s920986475c58819820.ukp,hi,10000,,,920986475,58819820,417,
hi_n10000-418-s727403291c27751917.ukp,hi,10000,,,727403291,27751917,418,
hi_n10000-419-s384707603c34419441.ukp,hi,10000,,,384707603,34419441,419,
hi_n10000-42-s261146317c82121499.ukp,hi,10000,,,261146317,82121499,42,
hi_n10000-420-s530564065c57119738.ukp,hi,10000,,,530564065,57119738,420,
hi_n10000-421-s589477672c93883514.ukp,hi,10000,,,589477672,93883514,421,
hi_n10000-422-s205756437c32654845.ukp,hi,10000,,,205756437,32654845,422,
hi_n10000-423-s268622270c64968112.ukp,hi,10000,,,268622270,64968112,423,
hi_n10000-424-s79166218c9814318.ukp,hi,10000,,,79166218,9814318,424,
hi_n10000-425-s203306834c99268884.ukp,hi,10000,,,203306834,99268884,425,
hi_n10000-426-s425004306c97854042.ukp,hi,10000,,,425004306,97854042,426,
hi_n10000-427-s692094263c80742346.ukp,hi,10000,,,692094263,80742346,427,
hi_n10000-428-s111763732c35698147.ukp,hi,10000,,,111763732,35698147,428,
hi_n10000-429-s286513221c86845957.ukp,hi,10000,,,286513221,86845957,429,
hi_n10000-43-s325989053c33929358.ukp,hi,10000,,,325989053,33929358,43,
hi_n10000-430-s453065461c63620386.ukp,hi,10000,,,453065461,63620386,430,
hi_n10000-431-s624559068c22339365.ukp,hi,10000,,,624559068,22339365,431,
hi_n10000-432-s174617445c99037658.ukp,hi,10000,,,174617445,99037658,432,
hi_n10000-433-s687201656c18791359.ukp,hi,10000,,,687201656,18791359,433,
hi_n10000-434-s344071035c46583871.ukp,hi,10000,,,344071035,46583871,434,
hi_n10000-435-s151468172c65541970.ukp,hi,10000,,,151468172,65541970,435,
hi_n10000-436-s442513933c15821718.ukp,hi,10000,,,442513933,15821718,436,
hi_n10000-437-s238429703c28917125.ukp,hi,10000,,,238429703,28917125,437,
hi_n10000-438-s781201605c74271426.ukp,hi,10000,,,781201605,74271426,438,
hi_n10000-439-s137305354c41809555.ukp,hi,10000,,,137305354,41809555,439,
hi_n10000-44-s539788685c80958891.ukp,hi,10000,,,539788685,80958891,44,
hi_n10000-440-s102994897c51590486.ukp,hi,10000,,,102994897,51590486,440,
hi_n10000-441-s603869953c54968277.ukp,hi,10000,,,603869953,54968277,441,
hi_n10000-442-s242289138c26024155.ukp,hi,10000,,,242289138,26024155,442,
hi_n10000-443-s513173851c25120970.ukp,hi,10000,,,513173851,25120970,443,
hi_n10000-444-s540209456c68749197.ukp,hi,10000,,,540209456,68749197,444,
hi_n10000-445-s120106892c73644494.ukp,hi,10000,,,120106892,73644494,445,
hi_n10000-446-s852721236c30706850.ukp,hi,10000,,,852721236,30706850,446,
hi_n10000-447-s108509831c20595199.ukp,hi,10000,,,108509831,20595199,447,
hi_n10000-448-s566177757c15422392.ukp,hi,10000,,,566177757,15422392,448,
hi_n10000-449-s911451083c63386953.ukp,hi,10000,,,911451083,63386953,449,
hi_n10000-45-s19378828c34021658.ukp,hi,10000,,,19378828,34021658,45,
hi_n10000-450-s723629950c73469410.ukp,hi,10000,,,723629950,73469410,450,
hi_n10000-451-s72680581c83105179.ukp,hi,10000,,,72680581,83105179,451,
hi_n10000-452-s139986500c13124297.ukp,hi,10000,,,139986500,13124297,452,
hi_n10000-453-s622472121c75016539.ukp,hi,10000,,,622472121,75016539,453,
hi_n10000-454-s764661701c22377212.ukp,hi,10000,,,764661701,22377212,454,
hi_n10000-455-s984814964c15234430.ukp,hi,10000,,,984814964,15234430,455,
hi_n10000-456-s291807947c16445217.ukp,hi,10000,,,291807947,16445217,456,
hi_n10000-457-s896083696c70210825.ukp,hi,10000,,,896083696,70210825,457,
hi_n10000-458-s100358347c30407503.ukp,hi,10000,,,100358347,30407503,458,
hi_n10000-459-s591626342c80295612.ukp,hi,10000,,,591626342,80295612,459,
hi_n10000-46-s956143877c64789316.ukp,hi,10000,,,956143877,64789316,46,
hi_n10000-460-s251685855c83177864.ukp,hi,10000,,,251685855,83177864,460,
hi_n10000-461-s386597034c53185047.ukp,hi,10000,,,386597034,53185047,461,
hi_n10000-462-s10096367c86160398.ukp,hi,10000,,,10096367,86160398,462,
hi_n10000-463-s578849134c76482734.ukp,hi,10000,,,578849134,76482734,463,
hi_n10000-464-s504944976c45009088.ukp,hi,10000,,,504944976,45009088,464,
hi_n10000-465-s346438026c45397408.ukp,hi,10000,,,346438026,45397408,465,
hi_n10000-466-s494524491c1067363.ukp,hi,10000,,,494524491,1067363,466,
hi_n10000-467-s647172791c38396871.ukp,hi,10000,,,647172791,38396871,467,
hi_n10000-468-s683894430c53511820.ukp,hi,10000,,,683894430,53511820,468,
hi_n10000-469-s160863513c71873681.ukp,hi,10000,,,160863513,71873681,469,
hi_n10000-47-s442730424c11037950.ukp,hi,10000,,,442730424,11037950,47,
hi_n10000-470-s217303292c92466068.ukp,hi,10000,,,217303292,92466068,470,
hi_n10000-471-s350731266c1537919.ukp,hi,10000,,,350731266,1537919,471,
hi_n10000-472-s359051883c12026819.ukp,hi,10000,,,359051883,12026819,472,
hi_n10000-473-s368525918c17059545.ukp,hi,10000,,,368525918,17059545,473,
hi_n10000-474-s971450924c78918657.ukp,hi,10000,,,971450924,78918657,474,
hi_n10000-475-s686216765c31401664.ukp,hi,10000,,,686216765,31401664,475,
hi_n10000-476-s473841069c59750218.ukp,hi,10000,,,473841069,59750218,476,
hi_n10000-477-s213205243c36794569.ukp,hi,10000,,,213205243,36794569,477,
hi_n10000-478-s955986354c26682848.ukp,hi,10000,,,955986354,26682848,478,
hi_n10000-479-s832284478c38988509.ukp,hi,10000,,,832284478,38988509,479,
hi_n10000-48-s888315654c85762730.ukp,hi,10000,,,888315654,85762730,48,
hi_n10000-480-s818213356c87387586.ukp,hi,10000,,,818213356,87387586,480,
hi_n10000-481-s321777396c67790333.ukp,hi,10000,,,321777396,67790333,481,
hi_n10000-482-s544590797c52044968.ukp,hi,10000,,,544590797,52044968,482,
hi_n10000-483-s788052237c68063458.ukp,hi,10000,,,788052237,68063458,483,
hi_n10000-484-s162391755c96441889.ukp,hi,10000,,,162391755,96441889,484,
hi_n10000-485-s939900702c56033282.ukp,hi,10000,,,939900702,56033282,485,
hi_n10000-486-s133188677c63766493.ukp,hi,10000,,,133188677,63766493,486,
hi_n10000-487-s184991892c82948557.ukp,hi,10000,,,184991892,82948557,487,
hi_n10000-488-s729971223c70782042.ukp,hi,10000,,,729971223,70782042,488,
hi_n10000-489-s536731580c93842309.ukp,hi,10000,,,536731580,93842309,489,
hi_n10000-49-s147981886c59878474.ukp,hi,10000,,,147981886,59878474,49,
hi_n10000-490-s229998815c67014713.ukp,hi,10000,,,229998815,67014713,490,
hi_n10000-491-s993158591c16697385.ukp,hi,10000,,,993158591,16697385,491,
hi_n10000-492-s733097480c8077600.ukp,hi,10000,,,733097480,8077600,492,
hi_n10000-493-s704476488c27999417.ukp,hi,10000,,,704476488,27999417,493,
hi_n10000-494-s629839208c31012781.ukp,hi,10000,,,629839208,31012781,494,
hi_n10000-495-s159240154c84240510.ukp,hi,10000,,,159240154,84240510,495,
hi_n10000-496-s380744672c93061083.ukp,hi,10000,,,380744672,93061083,496,
hi_n10000-497-s825468163c46901795.ukp,hi,10000,,,825468163,46901795,497,
hi_n10000-498-s909110308c98031202.ukp,hi,10000,,,909110308,98031202,498,
hi_n10000-499-s861354474c63183139.ukp,hi,10000,,,861354474,63183139,499,
hi_n10000-5-s554525798c27721806.ukp,hi,10000,,,554525798,27721806,5,
hi_n10000-50-s814994716c21065435.ukp,hi,10000,,,814994716,21065435,50,
hi_n10000-51-s857022904c80721916.ukp,hi,10000,,,857022904,80721916,51,
hi_n10000-52-s183617890c7539408.ukp,hi,10000,,,183617890,7539408,52,
hi_n10000-53-s174653861c24000855.ukp,hi,10000,,,174653861,24000855,53,
hi_n10000-54-s539601603c36017953.ukp,hi,10000,,,539601603,36017953,54,
hi_n10000-55-s760758831c65303731.ukp,hi,10000,,,760758831,65303731,55,
hi_n10000-56-s943575858c21781331.ukp,hi,10000,,,943575858,21781331,56,
hi_n10000-57-s578238354c72886391.ukp,hi,10000,,,578238354,72886391,57,
hi_n10000-58-s757232490c58633254.ukp,hi,10000,,,757232490,58633254,58,
hi_n10000-59-s178019452c28696807.ukp,hi,10000,,,178019452,28696807,59,
hi_n10000-6-s398797429c16372434.ukp,hi,10000,,,398797429,16372434,6,
hi_n10000-60-s660566353c73816185.ukp,hi,10000,,,660566353,73816185,60,
hi_n10000-61-s891640290c6649016.ukp,hi,10000,,,891640290,6649016,61,
hi_n10000-62-s131770940c13393044.ukp,hi,10000,,,131770940,13393044,62,
hi_n10000-63-s457237483c26103694.ukp,hi,10000,,,457237483,26103694,63,
hi_n10000-64-s878190975c65554581.ukp,hi,10000,,,878190975,65554581,64,
hi_n10000-65-s76284724c55420795.ukp,hi,10000,,,76284724,55420795,65,
hi_n10000-66-s751246846c66211103.ukp,hi,10000,,,751246846,66211103,66,
hi_n10000-67-s942314578c84762560.ukp,hi,10000,,,942314578,84762560,67,
hi_n10000-68-s591038534c17768833.ukp,hi,10000,,,591038534,17768833,68,
hi_n10000-69-s171832189c97623503.ukp,hi,10000,,,171832189,97623503,69,
hi_n10000-7-s586106970c93158297.ukp,hi,10000,,,586106970,93158297,7,
hi_n10000-70-s177962211c36013126.ukp,hi,10000,,,177962211,36013126,70,
hi_n10000-71-s191284186c35140134.ukp,hi,10000,,,191284186,35140134,71,
hi_n10000-72-s914558283c75494204.ukp,hi,10000,,,914558283,75494204,72,
hi_n10000-73-s36435194c22996436.ukp,hi,10000,,,36435194,22996436,73,
hi_n10000-74-s726744628c26511344.ukp,hi,10000,,,726744628,26511344,74,
hi_n10000-75-s377669997c48746888.ukp,hi,10000,,,377669997,48746888,75,
hi_n10000-76-s437409015c87539808.ukp,hi,10000,,,437409015,87539808,76,
hi_n10000-77-s736725116c42013430.ukp,hi,10000,,,736725116,42013430,77,
hi_n10000-78-s269229181c95406154.ukp,hi,10000,,,269229181,95406154,78,
hi_n10000-79-s642347878c49660146.ukp,hi,10000,,,642347878,49660146,79,
hi_n10000-8-s67683560c34964751.ukp,hi,10000,,,67683560,34964751,8,
hi_n10000-80-s10284050c37273903.ukp,hi,10000,,,10284050,37273903,80,
hi_n10000-81-s81032338c56667075.ukp,hi,10000,,,81032338,56667075,81,
hi_n10000-82-s7449337c67739320.ukp,hi,10000,,,7449337,67739320,82,
hi_n10000-83-s185217113c5741489.ukp,hi,10000,,,185217113,5741489,83,
hi_n10000-84-s379401505c24791156.ukp,hi,10000,,,379401505,24791156,84,
hi_n10000-85-s981659194c18813217.ukp,hi,10000,,,981659194,18813217,85,
hi_n10000-86-s5313477c84973943.ukp,hi,10000,,,5313477,84973943,86,
hi_n10000-87-s438663387c30139045.ukp,hi,10000,,,438663387,30139045,87,
hi_n10000-88-s292252175c31355039.ukp,hi,10000,,,292252175,31355039,88,
hi_n10000-89-s222856866c55306961.ukp,hi,10000,,,222856866,55306961,89,
hi_n10000-9-s915258292c6311802.ukp,hi,10000,,,915258292,6311802,9,
hi_n10000-90-s962238163c58162833.ukp,hi,10000,,,962238163,58162833,90,
hi_n10000-91-s580479505c7786125.ukp,hi,10000,,,580479505,7786125,91,
hi_n10000-92-s102695567c54993951.ukp,hi,10000,,,102695567,54993951,92,
hi_n10000-93-s727623794c99947939.ukp,hi,10000,,,727623794,99947939,93,
hi_n10000-94-s9656937c73340584.ukp,hi,10000,,,9656937,73340584,94,
hi_n10000-95-s155870397c60604500.ukp,hi,10000,,,155870397,60604500,95,
hi_n10000-96-s622778615c23649002.ukp,hi,10000,,,622778615,23649002,96,
hi_n10000-97-s932484623c15613807.ukp,hi,10000,,,932484623,15613807,97,
hi_n10000-98-s475574108c97959883.ukp,hi,10000,,,475574108,97959883,98,
hi_n10000-99-s190469618c99840518.ukp,hi,10000,,,190469618,99840518,99,
hi_n20000-0-s731232778c13130598.ukp,hi,20000,,,731232778,13130598,0,
hi_n20000-1-s594914841c61666657.ukp,hi,20000,,,594914841,61666657,1,
hi_n20000-10-s199607488c47897810.ukp,hi,20000,,,199607488,47897810,10,
hi_n20000-100-s707331854c8724677.ukp,hi,20000,,,707331854,8724677,100,
hi_n20000-101-s84621548c88389327.ukp,hi,20000,,,84621548,88389327,101,
hi_n20000-102-s172246721c17832305.ukp,hi,20000,,,172246721,17832305,102,
hi_n20000-103-s178264529c35073562.ukp,hi,20000,,,178264529,35073562,103,
hi_n20000-104-s327926759c58803419.ukp,hi,20000,,,327926759,58803419,104,
hi_n20000-105-s142189552c80248273.ukp,hi,20000,,,142189552,80248273,105,
hi_n20000-106-s848304836c21905435.ukp,hi,20000,,,848304836,21905435,106,
hi_n20000-107-s714494527c22644552.ukp,hi,20000,,,714494527,22644552,107,
hi_n20000-108-s95037918c77209306.ukp,hi,20000,,,95037918,77209306,108,
hi_n20000-109-s463136216c98184707.ukp,hi,20000,,,463136216,98184707,109,
hi_n20000-11-s895832870c21445624.ukp,hi,20000,,,895832870,21445624,11,
hi_n20000-110-s212281133c1838818.ukp,hi,20000,,,212281133,1838818,110,
hi_n20000-111-s586238258c18359342.ukp,hi,20000,,,586238258,18359342,111,
hi_n20000-112-s192471812c71038052.ukp,hi,20000,,,192471812,71038052,112,
hi_n20000-113-s992980497c30739230.ukp,hi,20000,,,992980497,30739230,113,
hi_n20000-114-s455861864c25351319.ukp,hi,20000,,,455861864,25351319,114,
hi_n20000-115-s379824190c27402514.ukp,hi,20000,,,379824190,27402514,115,
hi_n20000-116-s239745902c31878551.ukp,hi,20000,,,239745902,31878551,116,
hi_n20000-117-s248366140c99221590.ukp,hi,20000,,,248366140,99221590,117,
hi_n20000-118-s155606980c41560252.ukp,hi,20000,,,155606980,41560252,118,
hi_n20000-119-s735284445c51560789.ukp,hi,20000,,,735284445,51560789,119,
hi_n20000-12-s420935988c55461121.ukp,hi,20000,,,420935988,55461121,12,
hi_n20000-120-s942541845c88187848.ukp,hi,20000,,,942541845,88187848,120,
hi_n20000-121-s115898593c82162199.ukp,hi,20000,,,115898593,82162199,121,
hi_n20000-122-s353625363c36428636.ukp,hi,20000,,,353625363,36428636,122,
hi_n20000-123-s787365902c58076374.ukp,hi,20000,,,787365902,58076374,123,
hi_n20000-124-s393407547c65265801.ukp,hi,20000,,,393407547,65265801,124,
hi_n20000-125-s167176164c93677312.ukp,hi,20000,,,167176164,93677312,125,
hi_n20000-126-s916049162c31828338.ukp,hi,20000,,,916049162,31828338,126,
hi_n20000-127-s214618533c91555197.ukp,hi,20000,,,214618533,91555197,127,
hi_n20000-128-s358804843c83031137.ukp,hi,20000,,,358804843,83031137,128,
hi_n20000-129-s504746787c4744867.ukp,hi,20000,,,504746787,4744867,129,
hi_n20000-13-s204947608c77271005.ukp,hi,20000,,,204947608,77271005,13,
hi_n20000-130-s213005048c61669346.ukp,hi,20000,,,213005048,61669346,130,
hi_n20000-131-s871698101c76073681.ukp,hi,20000,,,871698101,76073681,131,
hi_n20000-132-s874105839c68627178.ukp,hi,20000,,,874105839,68627178,132,
hi_n20000-133-s569207249c70427462.ukp,hi,20000,,,569207249,70427462,133,
hi_n20000-134-s669547585c62494305.ukp,hi,20000,,,669547585,62494305,134,
hi_n20000-135-s851758828c17370746.ukp,hi,20000,,,851758828,17370746,135,
hi_n20000-136-s474992288c58356449.ukp,hi,20000,,,474992288,58356449,136,
hi_n20000-137-s784804938c48187338.ukp,hi,20000,,,784804938,48187338,137,
hi_n20000-138-s695516247c47106099.ukp,hi,20000,,,695516247,47106099,138,
hi_n20000-139-s853540834c16886386.ukp,hi,20000,,,853540834,16886386,139,
hi_n20000-14-s318339058c57605881.ukp,hi,20000,,,318339058,57605881,14,
hi_n20000-140-s158609986c75414573.ukp,hi,20000,,,158609986,75414573,140,
hi_n20000-141-s676413851c94345854.ukp,hi,20000,,,676413851,94345854,141,
hi_n20000-142-s445508302c65167671.ukp,hi,20000,,,445508302,65167671,142,
hi_n20000-143-s648685815c49419603.ukp,hi,20000,,,648685815,49419603,143,
hi_n20000-144-s886468679c38023634.ukp,hi,20000,,,886468679,38023634,144,
hi_n20000-145-s156741052c87663745.ukp,hi,20000,,,156741052,87663745,145,
hi_n20000-146-s691792251c52329650.ukp,hi,20000,,,691792251,52329650,146,
hi_n20000-147-s665348674c83325383.ukp,hi,20000,,,665348674,83325383,147,
hi_n20000-148-s158763026c57746670.ukp,hi,20000,,,158763026,57746670,148,
hi_n20000-149-s749672123c31817418.ukp,hi,20000,,,749672123,31817418,149,
hi_n20000-15-s750851024c17795343.ukp,hi,20000,,,750851024,17795343,15,
hi_n20000-150-s284805461c97240215.ukp,hi,20000,,,284805461,97240215,150,
hi_n20000-151-s718716699c89340071.ukp,hi,20000,,,718716699,89340071,151,
hi_n20000-152-s95933711c45630688.ukp,hi,20000,,,95933711,45630688,152,
hi_n20000-153-s212229957c4884406.ukp,hi,20000,,,212229957,4884406,153,
hi_n20000-154-s898053813c23032025.ukp,hi,20000,,,898053813,23032025,154,
hi_n20000-155-s228047780c71976917.ukp,hi,20000,,,228047780,71976917,155,
hi_n20000-156-s338119343c44747234.ukp,hi,20000,,,338119343,44747234,156,
hi_n20000-157-s491707671c86072934.ukp,hi,20000,,,491707671,86072934,157,
hi_n20000-158-s394447196c46256516.ukp,hi,20000,,,394447196,46256516,158,
hi_n20000-159-s889351749c18534626.ukp,hi,20000,,,889351749,18534626,159,
hi_n20000-16-s221755733c31287203.ukp,hi,20000,,,221755733,31287203,16,
hi_n20000-160-s795342803c35558105.ukp,hi,20000,,,795342803,35558105,160,
hi_n20000-161-s357785697c14946789.ukp,hi,20000,,,357785697,14946789,161,
hi_n20000-162-s993255606c78627240.ukp,hi,20000,,,993255606,78627240,162,
hi_n20000-163-s498052849c30412928.ukp,hi,20000,,,498052849,30412928,163,
hi_n20000-164-s976819494c92744426.ukp,hi,20000,,,976819494,92744426,164,
hi_n20000-165-s562005415c88919574.ukp,hi,20000,,,562005415,88919574,165,
hi_n20000-166-s986141003c43020606.ukp,hi,20000,,,986141003,43020606,166,
hi_n20000-167-s503963159c36799110.ukp,hi,20000,,,503963159,36799110,167,
hi_n20000-168-s568785642c59078873.ukp,hi,20000,,,568785642,59078873,168,
hi_n20000-169-s918500202c14304379.ukp,hi,20000,,,918500202,14304379,169,
hi_n20000-17-s994385767c39687653.ukp,hi,20000,,,994385767,39687653,17,
hi_n20000-170-s865173399c70721795.ukp,hi,20000,,,865173399,70721795,170,
hi_n20000-171-s982002864c13704348.ukp,hi,20000,,,982002864,13704348,171,
hi_n20000-172-s332240810c84783165.ukp,hi,20000,,,332240810,84783165,172,
hi_n20000-173-s898334592c73075292.ukp,hi,20000,,,898334592,73075292,173,
hi_n20000-174-s902437174c95688643.ukp,hi,20000,,,902437174,95688643,174,
hi_n20000-175-s690859146c66272779.ukp,hi,20000,,,690859146,66272779,175,
hi_n20000-176-s749117416c17058728.ukp,hi,20000,,,749117416,17058728,176,
hi_n20000-177-s12157337c11754811.ukp,hi,20000,,,12157337,11754811,177,
hi_n20000-178-s399402953c65919825.ukp,hi,20000,,,399402953,65919825,178,
hi_n20000-179-s512244761c42070997.ukp,hi,20000,,,512244761,42070997,179,
hi_n20000-18-s575639252c60094940.ukp,hi,20000,,,575639252,60094940,18,
hi_n20000-180-s497842916c88578646.ukp,hi,20000,,,497842916,88578646,180,
hi_n20000-181-s597147704c85388357.ukp,hi,20000,,,597147704,85388357,181,
hi_n20000-182-s551254315c91130381.ukp,hi,20000,,,551254315,91130381,182,
hi_n20000-183-s334933134c16014702.ukp,hi,20000,,,334933134,16014702,183,
hi_n20000-184-s675142562c28737418.ukp,hi,20000,,,675142562,28737418,184,
hi_n20000-185-s594945988c30717855.ukp,hi,20000,,,594945988,30717855,185,
hi_n20000-186-s781864574c12174602.ukp,hi,20000,,,781864574,12174602,186,
hi_n20000-187-s665806388c44909208.ukp,hi,20000,,,665806388,44909208,187,
hi_n20000-188-s679641345c38227553.ukp,hi,20000,,,679641345,38227553,188,
hi_n20000-189-s759786854c83855307.ukp,hi,20000,,,759786854,83855307,189,
hi_n20000-19-s808826180c78733090.ukp,hi,20000,,,808826180,78733090,19,
hi_n20000-190-s709804088c23925585.ukp,hi,20000,,,709804088,23925585,190,
hi_n20000-191-s436160055c66737995.ukp,hi,20000,,,436160055,66737995,191,
hi_n20000-192-s571431776c36276295.ukp,hi,20000,,,571431776,36276295,192,
hi_n20000-193-s98451920c76126382.ukp,hi,20000,,,98451920,76126382,193,
hi_n20000-194-s589607845c72024873.ukp,hi,20000,,,589607845,72024873,194,
hi_n20000-195-s468077220c37972509.ukp,hi,20000,,,468077220,37972509,195,
hi_n20000-196-s623091554c26086675.ukp,hi,20000,,,623091554,26086675,196,
hi_n20000-197-s733451078c57211689.ukp,hi,20000,,,733451078,57211689,197,
hi_n20000-198-s358578213c44348262.ukp,hi,20000,,,358578213,44348262,198,
hi_n20000-199-s702592739c95014983.ukp,hi,20000,,,702592739,95014983,199,
hi_n20000-2-s324673955c91206311.ukp,hi,20000,,,324673955,91206311,2,
hi_n20000-20-s742053853c66621104.ukp,hi,20000,,,742053853,66621104,20,
hi_n20000-200-s244653983c17945451.ukp,hi,20000,,,244653983,17945451,200,
hi_n20000-201-s562427866c5011469.ukp,hi,20000,,,562427866,5011469,201,
hi_n20000-202-s856354096c28540646.ukp,hi,20000,,,856354096,28540646,202,
hi_n20000-203-s203350890c83532511.ukp,hi,20000,,,203350890,83532511,203,
hi_n20000-204-s185719001c28953057.ukp,hi,20000,,,185719001,28953057,204,
hi_n20000-205-s455315464c66780896.ukp,hi,20000,,,455315464,66780896,205,
hi_n20000-206-s331409890c53429549.ukp,hi,20000,,,331409890,53429549,206,
hi_n20000-207-s396803529c25684139.ukp,hi,20000,,,396803529,25684139,207,
hi_n20000-208-s397415542c58162545.ukp,hi,20000,,,397415542,58162545,208,
hi_n20000-209-s933939819c37381231.ukp,hi,20000,,,933939819,37381231,209,
hi_n20000-21-s669712253c80951944.ukp,hi,20000,,,669712253,80951944,21,
hi_n20000-210-s809677775c26432624.ukp,hi,20000,,,809677775,26432624,210,
hi_n20000-211-s796012404c33338406.ukp,hi,20000,,,796012404,33338406,211,
hi_n20000-212-s630649375c1193533.ukp,hi,20000,,,630649375,1193533,212,
hi_n20000-213-s713186253c12207178.ukp,hi,20000,,,713186253,12207178,213,
hi_n20000-214-s232256585c73816611.ukp,hi,20000,,,232256585,73816611,214,
hi_n20000-215-s375173258c33712050.ukp,hi,20000,,,375173258,33712050,215,
hi_n20000-216-s79856705c85820352.ukp,hi,20000,,,79856705,85820352,216,
hi_n20000-217-s620046486c4187183.ukp,hi,20000,,,620046486,4187183,217,
hi_n20000-218-s237779488c78183876.ukp,hi,20000,,,237779488,78183876,218,
hi_n20000-219-s637974412c31557812.ukp,hi,20000,,,637974412,31557812,219,
hi_n20000-22-s434860255c66089141.ukp,hi,20000,,,434860255,66089141,22,
hi_n20000-220-s32041991c53260098.ukp,hi,20000,,,32041991,53260098,220,
hi_n20000-221-s125393811c46701980.ukp,hi,20000,,,125393811,46701980,221,
hi_n20000-222-s128158014c38689140.ukp,hi,20000,,,128158014,38689140,222,
hi_n20000-223-s303164619c71797329.ukp,hi,20000,,,303164619,71797329,223,
hi_n20000-224-s233995869c13017855.ukp,hi,20000,,,233995869,13017855,224,
hi_n20000-225-s266680480c37818144.ukp,hi,20000,,,266680480,37818144,225,
hi_n20000-226-s143998406c28344025.ukp,hi,20000,,,143998406,28344025,226,
hi_n20000-227-s792636241c54309226.ukp,hi,20000,,,792636241,54309226,227,
hi_n20000-228-s461982901c26687509.ukp,hi,20000,,,461982901,26687509,228,
hi_n20000-229-s430465835c7079662.ukp,hi,20000,,,430465835,7079662,229,
hi_n20000-23-s605460062c74433867.ukp,hi,20000,,,605460062,74433867,23,
hi_n20000-230-s927753013c90428381.ukp,hi,20000,,,927753013,90428381,230,
hi_n20000-231-s687055819c25861629.ukp,hi,20000,,,687055819,25861629,231,
hi_n20000-232-s640375662c64238054.ukp,hi,20000,,,640375662,64238054,232,
hi_n20000-233-s814183802c26801676.ukp,hi,20000,,,814183802,26801676,233,
hi_n20000-234-s363583529c64354645.ukp,hi,20000,,,363583529,64354645,234,
hi_n20000-235-s8562352c33316553.ukp,hi,20000,,,8562352,33316553,235,
hi_n20000-236-s152942261c95452116.ukp,hi,20000,,,152942261,95452116,236,
hi_n20000-237-s301795704c73851195.ukp,hi,20000,,,301795704,73851195,237,
hi_n20000-238-s123616711c4587927.ukp,hi,20000,,,123616711,4587927,238,
hi_n20000-239-s462789496c58377371.ukp,hi,20000,,,462789496,58377371,239,
hi_n20000-24-s320356631c99252240.ukp,hi,20000,,,320356631,99252240,24,
hi_n20000-240-s213174395c9740317.ukp,hi,20000,,,213174395,9740317,240,
hi_n20000-241-s805600152c40276727.ukp,hi,20000,,,805600152,40276727,241,
hi_n20000-242-s149558978c11420225.ukp,hi,20000,,,149558978,11420225,242,
hi_n20000-243-s325290391c99499717.ukp,hi,20000,,,325290391,99499717,243,
hi_n20000-244-s892829231c16962349.ukp,hi,20000,,,892829231,16962349,244,
hi_n20000-245-s40353095c82998273.ukp,hi,20000,,,40353095,82998273,245,
hi_n20000-246-s368872582c78873022.ukp,hi,20000,,,368872582,78873022,246,
hi_n20000-247-s9199696c3107085.ukp,hi,20000,,,9199696,3107085,247,
hi_n20000-248-s569030747c35596499.ukp,hi,20000,,,569030747,35596499,248,
hi_n20000-249-s552268100c58218097.ukp,hi,20000,,,552268100,58218097,249,
hi_n20000-25-s199811851c12031782.ukp,hi,20000,,,199811851,12031782,25,
hi_n20000-250-s173859084c9042490.ukp,hi,20000,,,173859084,9042490,250,
hi_n20000-251-s268449167c45913699.ukp,hi,20000,,,268449167,45913699,251,
hi_n20000-252-s51132700c73367502.ukp,hi,20000,,,51132700,73367502,252,
hi_n20000-253-s43310200c54476551.ukp,hi,20000,,,43310200,54476551,253,
hi_n20000-254-s432746252c60672780.ukp,hi,20000,,,432746252,60672780,254,
hi_n20000-255-s379254110c96496790.ukp,hi,20000,,,379254110,96496790,255,
hi_n20000-256-s142613265c54180664.ukp,hi,20000,,,142613265,54180664,256,
hi_n20000-257-s340363402c61599291.ukp,hi,20000,,,340363402,61599291,257,
hi_n20000-258-s229317703c46038046.ukp,hi,20000,,,229317703,46038046,258,
hi_n20000-259-s941705476c10049128.ukp,hi,20000,,,941705476,10049128,259,
hi_n20000-26-s90924128c44036015.ukp,hi,20000,,,90924128,44036015,26,
hi_n20000-260-s659470201c84193482.ukp,hi,20000,,,659470201,84193482,260,
hi_n20000-261-s966708025c65965696.ukp,hi,20000,,,966708025,65965696,261,
hi_n20000-262-s792039649c64144179.ukp,hi,20000,,,792039649,64144179,262,
hi_n20000-263-s825928988c39098858.ukp,hi,20000,,,825928988,39098858,263,
hi_n20000-264-s956618993c43606912.ukp,hi,20000,,,956618993,43606912,264,
hi_n20000-265-s343126569c98178529.ukp,hi,20000,,,343126569,98178529,265,
hi_n20000-266-s358801221c89758410.ukp,hi,20000,,,358801221,89758410,266,
hi_n20000-267-s837911274c13011232.ukp,hi,20000,,,837911274,13011232,267,
hi_n20000-268-s530664442c87787330.ukp,hi,20000,,,530664442,87787330,268,
hi_n20000-269-s132278514c28262911.ukp,hi,20000,,,132278514,28262911,269,
hi_n20000-27-s532584774c55453527.ukp,hi,20000,,,532584774,55453527,27,
hi_n20000-270-s130765173c82072651.ukp,hi,20000,,,130765173,82072651,270,
hi_n20000-271-s506311923c11759899.ukp,hi,20000,,,506311923,11759899,271,
hi_n20000-272-s876785217c79954243.ukp,hi,20000,,,876785217,79954243,272,
hi_n20000-273-s618044498c69316121.ukp,hi,20000,,,618044498,69316121,273,
hi_n20000-274-s478569737c73530463.ukp,hi,20000,,,478569737,73530463,274,
hi_n20000-275-s720039518c60409837.ukp,hi,20000,,,720039518,60409837,275,
hi_n20000-276-s989609714c56831821.ukp,hi,20000,,,989609714,56831821,276,
hi_n20000-277-s289188356c3527901.ukp,hi,20000,,,289188356,3527901,277,
hi_n20000-278-s818372142c73842356.ukp,hi,20000,,,818372142,73842356,278,
hi_n20000-279-s183931098c39817293.ukp,hi,20000,,,183931098,39817293,279,
hi_n20000-28-s882501307c67192471.ukp,hi,20000,,,882501307,67192471,28,
hi_n20000-280-s813425575c92043069.ukp,hi,20000,,,813425575,92043069,280,
hi_n20000-281-s125668799c34539024.ukp,hi,20000,,,125668799,34539024,281,
hi_n20000-282-s85427437c75935940.ukp,hi,20000,,,85427437,75935940,282,
hi_n20000-283-s491803659c4386174.ukp,hi,20000,,,491803659,4386174,283,
hi_n20000-284-s921541777c76476388.ukp,hi,20000,,,921541777,76476388,284,
hi_n20000-285-s913104367c86880327.ukp,hi,20000,,,913104367,86880327,285,
hi_n20000-286-s54059702c82425148.ukp,hi,20000,,,54059702,82425148,286,
hi_n20000-287-s15834020c26394075.ukp,hi,20000,,,15834020,26394075,287,
hi_n20000-288-s543662160c33873554.ukp,hi,20000,,,543662160,33873554,288,
hi_n20000-289-s682002986c10711944.ukp,hi,20000,,,682002986,10711944,289,
hi_n20000-29-s443600954c92125949.ukp,hi,20000,,,443600954,92125949,29,
hi_n20000-290-s611057533c78929114.ukp,hi,20000,,,611057533,78929114,290,
hi_n20000-291-s244607098c85285147.ukp,hi,20000,,,244607098,85285147,291,
hi_n20000-292-s931912657c36744122.ukp,hi,20000,,,931912657,36744122,292,
hi_n20000-293-s510834339c46185044.ukp,hi,20000,,,510834339,46185044,293,
hi_n20000-294-s171630872c66779590.ukp,hi,20000,,,171630872,66779590,294,
hi_n20000-295-s64565003c37853335.ukp,hi,20000,,,64565003,37853335,295,
hi_n20000-296-s756653619c87201581.ukp,hi,20000,,,756653619,87201581,296,
hi_n20000-297-s125514086c41311687.ukp,hi,20000,,,125514086,41311687,297,
hi_n20000-298-s521709984c67084978.ukp,hi,20000,,,521709984,67084978,298,
hi_n20000-299-s168042333c17716614.ukp,hi,20000,,,168042333,17716614,299,
hi_n20000-3-s300958364c56418527.ukp,hi,20000,,,300958364,56418527,3,
hi_n20000-30-s418727292c82162365.ukp,hi,20000,,,418727292,82162365,30,
hi_n20000-300-s726001211c51822310.ukp,hi,20000,,,726001211,51822310,300,
hi_n20000-301-s777137311c61207265.ukp,hi,20000,,,777137311,61207265,301,
hi_n20000-302-s730277963c31202891.ukp,hi,20000,,,730277963,31202891,302,
hi_n20000-303-s574476872c5454436.ukp,hi,20000,,,574476872,5454436,303,
hi_n20000-304-s227337887c95333595.ukp,hi,20000,,,227337887,95333595,304,
hi_n20000-305-s338216231c13616178.ukp,hi,20000,,,338216231,13616178,305,
hi_n20000-306-s91067200c44967278.ukp,hi,20000,,,91067200,44967278,306,
hi_n20000-307-s896730166c92907831.ukp,hi,20000,,,896730166,92907831,307,
hi_n20000-308-s432774422c69988505.ukp,hi,20000,,,432774422,69988505,308,
hi_n20000-309-s479378978c21648477.ukp,hi,20000,,,479378978,21648477,309,
hi_n20000-31-s410031365c69379204.ukp,hi,20000,,,410031365,69379204,31,
hi_n20000-310-s688536648c41709486.ukp,hi,20000,,,688536648,41709486,310,
hi_n20000-311-s159071442c56751841.ukp,hi,20000,,,159071442,56751841,311,
hi_n20000-312-s329959058c41644153.ukp,hi,20000,,,329959058,41644153,312,
hi_n20000-313-s913802786c16583595.ukp,hi,20000,,,913802786,16583595,313,
hi_n20000-314-s773924804c21960982.ukp,hi,20000,,,773924804,21960982,314,
hi_n20000-315-s741879402c29515701.ukp,hi,20000,,,741879402,29515701,315,
hi_n20000-316-s734079079c1601935.ukp,hi,20000,,,734079079,1601935,316,
hi_n20000-317-s612149826c9388844.ukp,hi,20000,,,612149826,9388844,317,
hi_n20000-318-s72714954c32384154.ukp,hi,20000,,,72714954,32384154,318,
hi_n20000-319-s803803347c23370627.ukp,hi,20000,,,803803347,23370627,319,
hi_n20000-32-s674362184c74104370.ukp,hi,20000,,,674362184,74104370,32,
hi_n20000-320-s851423352c22913143.ukp,hi,20000,,,851423352,22913143,320,
hi_n20000-321-s137237919c62689914.ukp,hi,20000,,,137237919,62689914,321,
hi_n20000-322-s528686676c35734121.ukp,hi,20000,,,528686676,35734121,322,
hi_n20000-323-s526816235c95898160.ukp,hi,20000,,,526816235,95898160,323,
hi_n20000-324-s999192827c90752609.ukp,hi,20000,,,999192827,90752609,324,
hi_n20000-325-s180680115c49031488.ukp,hi,20000,,,180680115,49031488,325,
hi_n20000-326-s90048873c51998429.ukp,hi,20000,,,90048873,51998429,326,
hi_n20000-327-s730437088c91101281.ukp,hi,20000,,,730437088,91101281,327,
hi_n20000-328-s545189497c32571604.ukp,hi,20000,,,545189497,32571604,328,
hi_n20000-329-s620558410c53792760.ukp,hi,20000,,,620558410,53792760,329,
hi_n20000-33-s126192256c21861015.ukp,hi,20000,,,126192256,21861015,33,
hi_n20000-330-s16136692c95710192.ukp,hi,20000,,,16136692,95710192,330,
hi_n20000-331-s363501936c30270618.ukp,hi,20000,,,363501936,30270618,331,
hi_n20000-332-s829921210c24585723.ukp,hi,20000,,,829921210,24585723,332,
hi_n20000-333-s435115918c39955951.ukp,hi,20000,,,435115918,39955951,333,
hi_n20000-334-s798298455c45583142.ukp,hi,20000,,,798298455,45583142,334,
hi_n20000-335-s935632244c91919703.ukp,hi,20000,,,935632244,91919703,335,
hi_n20000-336-s118607476c51379242.ukp,hi,20000,,,118607476,51379242,336,
hi_n20000-337-s789959996c55855748.ukp,hi,20000,,,789959996,55855748,337,
hi_n20000-338-s684896905c70469229.ukp,hi,20000,,,684896905,70469229,338,
hi_n20000-339-s390142488c51779895.ukp,hi,20000,,,390142488,51779895,339,
hi_n20000-34-s467641010c40842012.ukp,hi,20000,,,467641010,40842012,34,
hi_n20000-340-s85004012c73559665.ukp,hi,20000,,,85004012,73559665,340,
hi_n20000-341-s373038940c64595744.ukp,hi,20000,,,373038940,64595744,341,
hi_n20000-342-s644582044c61569579.ukp,hi,20000,,,644582044,61569579,342,
hi_n20000-343-s730267981c93491535.ukp,hi,20000,,,730267981,93491535,343,
hi_n20000-344-s224170978c9479163.ukp,hi,20000,,,224170978,9479163,344,
hi_n20000-345-s245844219c42573896.ukp,hi,20000,,,245844219,42573896,345,
hi_n20000-346-s729743919c52604025.ukp,hi,20000,,,729743919,52604025,346,
hi_n20000-347-s802152580c80594115.ukp,hi,20000,,,802152580,80594115,347,
hi_n20000-348-s97045152c30699449.ukp,hi,20000,,,97045152,30699449,348,
hi_n20000-349-s206981756c4046248.ukp,hi,20000,,,206981756,4046248,349,
hi_n20000-35-s889293313c63466318.ukp,hi,20000,,,889293313,63466318,35,
hi_n20000-350-s285463174c34389104.ukp,hi,20000,,,285463174,34389104,350,
hi_n20000-351-s225507421c82862049.ukp,hi,20000,,,225507421,82862049,351,
hi_n20000-352-s118454554c33857980.ukp,hi,20000,,,118454554,33857980,352,
hi_n20000-353-s834407151c27145169.ukp,hi,20000,,,834407151,27145169,353,
hi_n20000-354-s208448807c46337608.ukp,hi,20000,,,208448807,46337608,354,
hi_n20000-355-s441143757c31471260.ukp,hi,20000,,,441143757,31471260,355,
hi_n20000-356-s383859101c22296794.ukp,hi,20000,,,383859101,22296794,356,
hi_n20000-357-s78596203c1186950.ukp,hi,20000,,,78596203,1186950,357,
hi_n20000-358-s166672639c99666825.ukp,hi,20000,,,166672639,99666825,358,
hi_n20000-359-s46944898c41356492.ukp,hi,20000,,,46944898,41356492,359,
hi_n20000-36-s442208726c47872978.ukp,hi,20000,,,442208726,47872978,36,
hi_n20000-360-s920056164c27952686.ukp,hi,20000,,,920056164,27952686,360,
hi_n20000-361-s10177486c42902259.ukp,hi,20000,,,10177486,42902259,361,
hi_n20000-362-s659945289c47394244.ukp,hi,20000,,,659945289,47394244,362,
hi_n20000-363-s183358641c89309930.ukp,hi,20000,,,183358641,89309930,363,
hi_n20000-364-s195387934c50169945.ukp,hi,20000,,,195387934,50169945,364,
hi_n20000-365-s77820708c81336674.ukp,hi,20000,,,77820708,81336674,365,
hi_n20000-366-s904341899c30565166.ukp,hi,20000,,,904341899,30565166,366,
hi_n20000-367-s114859999c6848383.ukp,hi,20000,,,114859999,6848383,367,
hi_n20000-368-s169616393c80744801.ukp,hi,20000,,,169616393,80744801,368,
hi_n20000-369-s235930013c97902462.ukp,hi,20000,,,235930013,97902462,369,
hi_n20000-37-s252959003c48079947.ukp,hi,20000,,,252959003,48079947,37,
hi_n20000-370-s659803863c98458522.ukp,hi,20000,,,659803863,98458522,370,
hi_n20000-371-s888531767c21817967.ukp,hi,20000,,,888531767,21817967,371,
hi_n20000-372-s726307672c72296227.ukp,hi,20000,,,726307672,72296227,372,
hi_n20000-373-s997278557c84516568.ukp,hi,20000,,,997278557,84516568,373,
hi_n20000-374-s890735735c34609441.ukp,hi,20000,,,890735735,34609441,374,
hi_n20000-375-s134917378c96939870.ukp,hi,20000,,,134917378,96939870,375,
hi_n20000-376-s224319647c34506118.ukp,hi,20000,,,224319647,34506118,376,
hi_n20000-377-s657896393c73061430.ukp,hi,20000,,,657896393,73061430,377,
hi_n20000-378-s578113070c30412968.ukp,hi,20000,,,578113070,30412968,378,
hi_n20000-379-s289613875c48914481.ukp,hi,20000,,,289613875,48914481,379,
hi_n20000-38-s527753500c52694607.ukp,hi,20000,,,527753500,52694607,38,
hi_n20000-380-s360265767c84484246.ukp,hi,20000,,,360265767,84484246,380,
hi_n20000-381-s349395051c40777168.ukp,hi,20000,,,349395051,40777168,381,
hi_n20000-382-s662703693c54093827.ukp,hi,20000,,,662703693,54093827,382,
hi_n20000-383-s91594350c2821539.ukp,hi,20000,,,91594350,2821539,383,
hi_n20000-384-s313927832c78848759.ukp,hi,20000,,,313927832,78848759,384,
hi_n20000-385-s985161383c51213083.ukp,hi,20000,,,985161383,51213083,385,
hi_n20000-386-s363374108c31485764.ukp,hi,20000,,,363374108,31485764,386,
hi_n20000-387-s447645624c83817117.ukp,hi,20000,,,447645624,83817117,387,
hi_n20000-388-s725950929c19827194.ukp,hi,20000,,,725950929,19827194,388,
hi_n20000-389-s863176603c93237588.ukp,hi,20000,,,863176603,93237588,389,
hi_n20000-39-s713413380c94443202.ukp,hi,20000,,,713413380,94443202,39,
hi_n20000-390-s344204701c75492111.ukp,hi,20000,,,344204701,75492111,390,
hi_n20000-391-s356074706c57698194.ukp,hi,20000,,,356074706,57698194,391,
hi_n20000-392-s927015049c49900605.ukp,hi,20000,,,927015049,49900605,392,
hi_n20000-393-s52174714c51379837.ukp,hi,20000,,,52174714,51379837,393,
hi_n20000-394-s78094432c48048269.ukp,hi,20000,,,78094432,48048269,394,
hi_n20000-395-s697826265c90957190.ukp,hi,20000,,,697826265,90957190,395,
hi_n20000-396-s685946136c33817984.ukp,hi,20000,,,685946136,33817984,396,
hi_n20000-397-s29049563c79813072.ukp,hi,20000,,,29049563,79813072,397,
hi_n20000-398-s133251444c87936951.ukp,hi,20000,,,133251444,87936951,398,
hi_n20000-399-s19578528c24134565.ukp,hi,20000,,,19578528,24134565,399,
hi_n20000-4-s182130978c46428515.ukp,hi,20000,,,182130978,46428515,4,
hi_n20000-40-s534548386c12675341.ukp,hi,20000,,,534548386,12675341,40,
hi_n20000-400-s527938850c79016090.ukp,hi,20000,,,527938850,79016090,400,
hi_n20000-401-s949050623c22872926.ukp,hi,20000,,,949050623,22872926,401,
hi_n20000-402-s577881003c17847878.ukp,hi,20000,,,577881003,17847878,402,
hi_n20000-403-s421267430c70749847.ukp,hi,20000,,,421267430,70749847,403,
hi_n20000-404-s698153803c60242472.ukp,hi,20000,,,698153803,60242472,404,
hi_n20000-405-s986435278c76309495.ukp,hi,20000,,,986435278,76309495,405,
hi_n20000-406-s651738470c45683072.ukp,hi,20000,,,651738470,45683072,406,
hi_n20000-407-s115684993c95331646.ukp,hi,20000,,,115684993,95331646,407,
hi_n20000-408-s231573541c68405468.ukp,hi,20000,,,231573541,68405468,408,
hi_n20000-409-s240120430c55436182.ukp,hi,20000,,,240120430,55436182,409,
hi_n20000-41-s262685617c55170783.ukp,hi,20000,,,262685617,55170783,41,
hi_n20000-410-s550957023c74837752.ukp,hi,20000,,,550957023,74837752,410,
hi_n20000-411-s191359717c10625345.ukp,hi,20000,,,191359717,10625345,411,
hi_n20000-412-s395191829c48953814.ukp,hi,20000,,,395191829,48953814,412,
hi_n20000-413-s241841235c23894207.ukp,hi,20000,,,241841235,23894207,413,
hi_n20000-414-s173350832c99476258.ukp,hi,20000,,,173350832,99476258,414,
hi_n20000-415-s308291223c56950114.ukp,hi,20000,,,308291223,56950114,415,
hi_n20000-416-s106334440c14033169.ukp,hi,20000,,,106334440,14033169,416,
hi_n20000-417-s920986475c57914625.ukp,hi,20000,,,920986475,57914625,417,
hi_n20000-418-s727403291c26398723.ukp,hi,20000,,,727403291,26398723,418,
hi_n20000-419-s384707603c7504006.ukp,hi,20000,,,384707603,7504006,419,
hi_n20000-42-s261146317c86648320.ukp,hi,20000,,,261146317,86648320,42,
hi_n20000-420-s530564065c34592297.ukp,hi,20000,,,530564065,34592297,420,
hi_n20000-421-s589477672c31429311.ukp,hi,20000,,,589477672,31429311,421,
hi_n20000-422-s205756437c31465281.ukp,hi,20000,,,205756437,31465281,422,
hi_n20000-423-s268622270c43545213.ukp,hi,20000,,,268622270,43545213,423,
hi_n20000-424-s79166218c17975316.ukp,hi,20000,,,79166218,17975316,424,
hi_n20000-425-s203306834c51425276.ukp,hi,20000,,,203306834,51425276,425,
hi_n20000-426-s425004306c44922271.ukp,hi,20000,,,425004306,44922271,426,
hi_n20000-427-s692094263c65742465.ukp,hi,20000,,,692094263,65742465,427,
hi_n20000-428-s111763732c17777632.ukp,hi,20000,,,111763732,17777632,428,
hi_n20000-429-s286513221c77788146.ukp,hi,20000,,,286513221,77788146,429,
hi_n20000-43-s325989053c19041897.ukp,hi,20000,,,325989053,19041897,43,
hi_n20000-430-s453065461c69910068.ukp,hi,20000,,,453065461,69910068,430,
hi_n20000-431-s624559068c86005580.ukp,hi,20000,,,624559068,86005580,431,
hi_n20000-432-s174617445c91987958.ukp,hi,20000,,,174617445,91987958,432,
hi_n20000-433-s687201656c72978115.ukp,hi,20000,,,687201656,72978115,433,
hi_n20000-434-s344071035c51117179.ukp,hi,20000,,,344071035,51117179,434,
hi_n20000-435-s151468172c89619250.ukp,hi,20000,,,151468172,89619250,435,
hi_n20000-436-s442513933c34931085.ukp,hi,20000,,,442513933,34931085,436,
hi_n20000-437-s238429703c70116163.ukp,hi,20000,,,238429703,70116163,437,
hi_n20000-438-s781201605c93140984.ukp,hi,20000,,,781201605,93140984,438,
hi_n20000-439-s137305354c71511619.ukp,hi,20000,,,137305354,71511619,439,
hi_n20000-44-s539788685c31401096.ukp,hi,20000,,,539788685,31401096,44,
hi_n20000-440-s102994897c27078353.ukp,hi,20000,,,102994897,27078353,440,
hi_n20000-441-s603869953c90123722.ukp,hi,20000,,,603869953,90123722,441,
hi_n20000-442-s242289138c44498186.ukp,hi,20000,,,242289138,44498186,442,
hi_n20000-443-s513173851c17105220.ukp,hi,20000,,,513173851,17105220,443,
hi_n20000-444-s540209456c10755847.ukp,hi,20000,,,540209456,10755847,444,
hi_n20000-445-s120106892c5294876.ukp,hi,20000,,,120106892,5294876,445,
hi_n20000-446-s852721236c97423674.ukp,hi,20000,,,852721236,97423674,446,
hi_n20000-447-s108509831c56543236.ukp,hi,20000,,,108509831,56543236,447,
hi_n20000-448-s566177757c95652199.ukp,hi,20000,,,566177757,95652199,448,
hi_n20000-449-s911451083c94807786.ukp,hi,20000,,,911451083,94807786,449,
hi_n20000-45-s19378828c13553251.ukp,hi,20000,,,19378828,13553251,45,
hi_n20000-450-s723629950c80683282.ukp,hi,20000,,,723629950,80683282,450,
hi_n20000-451-s72680581c79087991.ukp,hi,20000,,,72680581,79087991,451,
hi_n20000-452-s139986500c53670995.ukp,hi,20000,,,139986500,53670995,452,
hi_n20000-453-s622472121c70357223.ukp,hi,20000,,,622472121,70357223,453,
hi_n20000-454-s764661701c69984600.ukp,hi,20000,,,764661701,69984600,454,
hi_n20000-455-s984814964c90741616.ukp,hi,20000,,,984814964,90741616,455,
hi_n20000-456-s291807947c43191425.ukp,hi,20000,,,291807947,43191425,456,
hi_n20000-457-s896083696c36505331.ukp,hi,20000,,,896083696,36505331,457,
hi_n20000-458-s100358347c13692860.ukp,hi,20000,,,100358347,13692860,458,
hi_n20000-459-s591626342c16902880.ukp,hi,20000,,,591626342,16902880,459,
hi_n20000-46-s956143877c63853327.ukp,hi,20000,,,956143877,63853327,46,
hi_n20000-460-s251685855c8111534.ukp,hi,20000,,,251685855,8111534,460,
hi_n20000-461-s386597034c90480409.ukp,hi,20000,,,386597034,90480409,461,
hi_n20000-462-s10096367c12074994.ukp,hi,20000,,,10096367,12074994,462,
hi_n20000-463-s578849134c59777829.ukp,hi,20000,,,578849134,59777829,463,
hi_n20000-464-s504944976c45245317.ukp,hi,20000,,,504944976,45245317,464,
hi_n20000-465-s346438026c32959614.ukp,hi,20000,,,346438026,32959614,465,
hi_n20000-466-s494524491c5244439.ukp,hi,20000,,,494524491,5244439,466,
hi_n20000-467-s647172791c61171644.ukp,hi,20000,,,647172791,61171644,467,
hi_n20000-468-s683894430c37928261.ukp,hi,20000,,,683894430,37928261,468,
hi_n20000-469-s160863513c75551672.ukp,hi,20000,,,160863513,75551672,469,
hi_n20000-47-s442730424c7402537.ukp,hi,20000,,,442730424,7402537,47,
hi_n20000-470-s217303292c14702902.ukp,hi,20000,,,217303292,14702902,470,
hi_n20000-471-s350731266c76912671.ukp,hi,20000,,,350731266,76912671,471,
hi_n20000-472-s359051883c54111035.ukp,hi,20000,,,359051883,54111035,472,
hi_n20000-473-s368525918c31097504.ukp,hi,20000,,,368525918,31097504,473,
hi_n20000-474-s971450924c66181640.ukp,hi,20000,,,971450924,66181640,474,
hi_n20000-475-s686216765c89911693.ukp,hi,20000,,,686216765,89911693,475,
hi_n20000-476-s473841069c57964152.ukp,hi,20000,,,473841069,57964152,476,
hi_n20000-477-s213205243c99771879.ukp,hi,20000,,,213205243,99771879,477,
hi_n20000-478-s955986354c82919278.ukp,hi,20000,,,955986354,82919278,478,
hi_n20000-479-s832284478c14731399.ukp,hi,20000,,,832284478,14731399,479,
hi_n20000-48-s888315654c53293071.ukp,hi,20000,,,888315654,53293071,48,
hi_n20000-480-s818213356c56294101.ukp,hi,20000,,,818213356,56294101,480,
hi_n20000-481-s321777396c62161370.ukp,hi,20000,,,321777396,62161370,481,
hi_n20000-482-s544590797c56901266.ukp,hi,20000,,,544590797,56901266,482,
hi_n20000-483-s788052237c56442366.ukp,hi,20000,,,788052237,56442366,483,
hi_n20000-484-s162391755c78615586.ukp,hi,20000,,,162391755,78615586,484,
hi_n20000-485-s939900702c65813462.ukp,hi,20000,,,939900702,65813462,485,
hi_n20000-486-s133188677c10046071.ukp,hi,20000,,,133188677,10046071,486,
hi_n20000-487-s184991892c59219188.ukp,hi,20000,,,184991892,59219188,487,
hi_n20000-488-s729971223c71440435.ukp,hi,20000,,,729971223,71440435,488,
hi_n20000-489-s536731580c38817990.ukp,hi,20000,,,536731580,38817990,489,
hi_n20000-49-s147981886c75371478.ukp,hi,20000,,,147981886,75371478,49,
hi_n20000-490-s229998815c7134744.ukp,hi,20000,,,229998815,7134744,490,
hi_n20000-491-s993158591c38658058.ukp,hi,20000,,,993158591,38658058,491,
hi_n20000-492-s733097480c46341943.ukp,hi,20000,,,733097480,46341943,492,
hi_n20000-493-s704476488c48357006.ukp,hi,20000,,,704476488,48357006,493,
hi_n20000-494-s629839208c45789592.ukp,hi,20000,,,629839208,45789592,494,
hi_n20000-495-s159240154c44422753.ukp,hi,20000,,,159240154,44422753,495,
hi_n20000-496-s380744672c30872091.ukp,hi,20000,,,380744672,30872091,496,
hi_n20000-497-s825468163c11829306.ukp,hi,20000,,,825468163,11829306,497,
hi_n20000-498-s909110308c87277856.ukp,hi,20000,,,909110308,87277856,498,
hi_n20000-499-s861354474c87409125.ukp,hi,20000,,,861354474,87409125,499,
hi_n20000-5-s554525798c51592665.ukp,hi,20000,,,554525798,51592665,5,
hi_n20000-50-s814994716c78627470.ukp,hi,20000,,,814994716,78627470,50,
hi_n20000-51-s857022904c8954775.ukp,hi,20000,,,857022904,8954775,51,
hi_n20000-52-s183617890c89418814.ukp,hi,20000,,,183617890,89418814,52,
hi_n20000-53-s174653861c38475405.ukp,hi,20000,,,174653861,38475405,53,
hi_n20000-54-s539601603c51790152.ukp,hi,20000,,,539601603,51790152,54,
hi_n20000-55-s760758831c33376285.ukp,hi,20000,,,760758831,33376285,55,
hi_n20000-56-s943575858c59259383.ukp,hi,20000,,,943575858,59259383,56,
hi_n20000-57-s578238354c51502063.ukp,hi,20000,,,578238354,51502063,57,
hi_n20000-58-s757232490c5587967.ukp,hi,20000,,,757232490,5587967,58,
hi_n20000-59-s178019452c22098410.ukp,hi,20000,,,178019452,22098410,59,
hi_n20000-6-s398797429c8780715.ukp,hi,20000,,,398797429,8780715,6,
hi_n20000-60-s660566353c30779780.ukp,hi,20000,,,660566353,30779780,60,
hi_n20000-61-s891640290c49811343.ukp,hi,20000,,,891640290,49811343,61,
hi_n20000-62-s131770940c8887790.ukp,hi,20000,,,131770940,8887790,62,
hi_n20000-63-s457237483c12450408.ukp,hi,20000,,,457237483,12450408,63,
hi_n20000-64-s878190975c58454045.ukp,hi,20000,,,878190975,58454045,64,
hi_n20000-65-s76284724c9234188.ukp,hi,20000,,,76284724,9234188,65,
hi_n20000-66-s751246846c5953438.ukp,hi,20000,,,751246846,5953438,66,
hi_n20000-67-s942314578c28041912.ukp,hi,20000,,,942314578,28041912,67,
hi_n20000-68-s591038534c31396782.ukp,hi,20000,,,591038534,31396782,68,
hi_n20000-69-s171832189c1435117.ukp,hi,20000,,,171832189,1435117,69,
hi_n20000-7-s586106970c28033333.ukp,hi,20000,,,586106970,28033333,7,
hi_n20000-70-s177962211c12869185.ukp,hi,20000,,,177962211,12869185,70,
hi_n20000-71-s191284186c38682412.ukp,hi,20000,,,191284186,38682412,71,
hi_n20000-72-s914558283c60494055.ukp,hi,20000,,,914558283,60494055,72,
hi_n20000-73-s36435194c54695884.ukp,hi,20000,,,36435194,54695884,73,
hi_n20000-74-s726744628c53156575.ukp,hi,20000,,,726744628,53156575,74,
hi_n20000-75-s377669997c76903042.ukp,hi,20000,,,377669997,76903042,75,
hi_n20000-76-s437409015c51360799.ukp,hi,20000,,,437409015,51360799,76,
hi_n20000-77-s736725116c4033052.ukp,hi,20000,,,736725116,4033052,77,
hi_n20000-78-s269229181c25199892.ukp,hi,20000,,,269229181,25199892,78,
hi_n20000-79-s642347878c75136703.ukp,hi,20000,,,642347878,75136703,79,
hi_n20000-8-s67683560c88368892.ukp,hi,20000,,,67683560,88368892,8,
hi_n20000-80-s10284050c95020882.ukp,hi,20000,,,10284050,95020882,80,
hi_n20000-81-s81032338c49847613.ukp,hi,20000,,,81032338,49847613,81,
hi_n20000-82-s7449337c52179337.ukp,hi,20000,,,7449337,52179337,82,
hi_n20000-83-s185217113c46466066.ukp,hi,20000,,,185217113,46466066,83,
hi_n20000-84-s379401505c13045986.ukp,hi,20000,,,379401505,13045986,84,
hi_n20000-85-s981659194c59287308.ukp,hi,20000,,,981659194,59287308,85,
hi_n20000-86-s5313477c79134496.ukp,hi,20000,,,5313477,79134496,86,
hi_n20000-87-s438663387c3358570.ukp,hi,20000,,,438663387,3358570,87,
hi_n20000-88-s292252175c56117159.ukp,hi,20000,,,292252175,56117159,88,
hi_n20000-89-s222856866c24331496.ukp,hi,20000,,,222856866,24331496,89,
hi_n20000-9-s915258292c11465474.ukp,hi,20000,,,915258292,11465474,9,
hi_n20000-90-s962238163c4933606.ukp,hi,20000,,,962238163,4933606,90,
hi_n20000-91-s580479505c53485801.ukp,hi,20000,,,580479505,53485801,91,
hi_n20000-92-s102695567c23256876.ukp,hi,20000,,,102695567,23256876,92,
hi_n20000-93-s727623794c95022402.ukp,hi,20000,,,727623794,95022402,93,
hi_n20000-94-s9656937c61439148.ukp,hi,20000,,,9656937,61439148,94,
hi_n20000-95-s155870397c84957257.ukp,hi,20000,,,155870397,84957257,95,
hi_n20000-96-s622778615c39415323.ukp,hi,20000,,,622778615,39415323,96,
hi_n20000-97-s932484623c16615051.ukp,hi,20000,,,932484623,16615051,97,
hi_n20000-98-s475574108c2303128.ukp,hi,20000,,,475574108,2303128,98,
hi_n20000-99-s190469618c92469375.ukp,hi,20000,,,190469618,92469375,99,
hi_n5000-0-s731232778c5052835.ukp,hi,5000,,,731232778,5052835,0,
hi_n5000-1-s594914841c3897377.ukp,hi,5000,,,594914841,3897377,1,
hi_n5000-10-s199607488c6746697.ukp,hi,5000,,,199607488,6746697,10,
hi_n5000-100-s707331854c8739009.ukp,hi,5000,,,707331854,8739009,100,
hi_n5000-101-s84621548c3602716.ukp,hi,5000,,,84621548,3602716,101,
hi_n5000-102-s172246721c6929655.ukp,hi,5000,,,172246721,6929655,102,
hi_n5000-103-s178264529c6025564.ukp,hi,5000,,,178264529,6025564,103,
hi_n5000-104-s327926759c5214625.ukp,hi,5000,,,327926759,5214625,104,
hi_n5000-105-s142189552c426261.ukp,hi,5000,,,142189552,426261,105,
hi_n5000-106-s848304836c1624859.ukp,hi,5000,,,848304836,1624859,106,
hi_n5000-107-s714494527c781945.ukp,hi,5000,,,714494527,781945,107,
hi_n5000-108-s95037918c1390263.ukp,hi,5000,,,95037918,1390263,108,
hi_n5000-109-s463136216c6566158.ukp,hi,5000,,,463136216,6566158,109,
hi_n5000-11-s895832870c9741414.ukp,hi,5000,,,895832870,9741414,11,
hi_n5000-110-s212281133c8503123.ukp,hi,5000,,,212281133,8503123,110,
hi_n5000-111-s586238258c5642919.ukp,hi,5000,,,586238258,5642919,111,
hi_n5000-112-s192471812c3333886.ukp,hi,5000,,,192471812,3333886,112,
hi_n5000-113-s992980497c6496602.ukp,hi,5000,,,992980497,6496602,113,
hi_n5000-114-s455861864c9062392.ukp,hi,5000,,,455861864,9062392,114,
hi_n5000-115-s379824190c2437680.ukp,hi,5000,,,379824190,2437680,115,
hi_n5000-116-s239745902c5521733.ukp,hi,5000,,,239745902,5521733,116,
hi_n5000-117-s248366140c9870608.ukp,hi,5000,,,248366140,9870608,117,
hi_n5000-118-s155606980c2282298.ukp,hi,5000,,,155606980,2282298,118,
hi_n5000-119-s735284445c1532938.ukp,hi,5000,,,735284445,1532938,119,
hi_n5000-12-s420935988c6348861.ukp,hi,5000,,,420935988,6348861,12,
hi_n5000-120-s942541845c4741484.ukp,hi,5000,,,942541845,4741484,120,
hi_n5000-121-s115898593c205285.ukp,hi,5000,,,115898593,205285,121,
hi_n5000-122-s353625363c2390844.ukp,hi,5000,,,353625363,2390844,122,
hi_n5000-123-s787365902c5836897.ukp,hi,5000,,,787365902,5836897,123,
hi_n5000-124-s393407547c3402745.ukp,hi,5000,,,393407547,3402745,124,
hi_n5000-125-s167176164c5497075.ukp,hi,5000,,,167176164,5497075,125,
hi_n5000-126-s916049162c9908634.ukp,hi,5000,,,916049162,9908634,126,
hi_n5000-127-s214618533c6471546.ukp,hi,5000,,,214618533,6471546,127,
hi_n5000-128-s358804843c6859533.ukp,hi,5000,,,358804843,6859533,128,
hi_n5000-129-s504746787c2724542.ukp,hi,5000,,,504746787,2724542,129,
hi_n5000-13-s204947608c5984264.ukp,hi,5000,,,204947608,5984264,13,
hi_n5000-130-s213005048c6050355.ukp,hi,5000,,,213005048,6050355,130,
hi_n5000-131-s871698101c1312716.ukp,hi,5000,,,871698101,1312716,131,
hi_n5000-132-s874105839c7175107.ukp,hi,5000,,,874105839,7175107,132,
hi_n5000-133-s569207249c4723154.ukp,hi,5000,,,569207249,4723154,133,
hi_n5000-134-s669547585c9937690.ukp,hi,5000,,,669547585,9937690,134,
hi_n5000-135-s851758828c2735182.ukp,hi,5000,,,851758828,2735182,135,
hi_n5000-136-s474992288c9994523.ukp,hi,5000,,,474992288,9994523,136,
hi_n5000-137-s784804938c6584063.ukp,hi,5000,,,784804938,6584063,137,
hi_n5000-138-s695516247c9564497.ukp,hi,5000,,,695516247,9564497,138,
hi_n5000-139-s853540834c1223852.ukp,hi,5000,,,853540834,1223852,139,
hi_n5000-14-s318339058c4983076.ukp,hi,5000,,,318339058,4983076,14,
hi_n5000-140-s158609986c9609036.ukp,hi,5000,,,158609986,9609036,140,
hi_n5000-141-s676413851c4604639.ukp,hi,5000,,,676413851,4604639,141,
hi_n5000-142-s445508302c6536876.ukp,hi,5000,,,445508302,6536876,142,
hi_n5000-143-s648685815c1787475.ukp,hi,5000,,,648685815,1787475,143,
hi_n5000-144-s886468679c7268559.ukp,hi,5000,,,886468679,7268559,144,
hi_n5000-145-s156741052c486058.ukp,hi,5000,,,156741052,486058,145,
hi_n5000-146-s691792251c8028958.ukp,hi,5000,,,691792251,8028958,146,
hi_n5000-147-s665348674c6876245.ukp,hi,5000,,,665348674,6876245,147,
hi_n5000-148-s158763026c9183373.ukp,hi,5000,,,158763026,9183373,148,
hi_n5000-149-s749672123c8652281.ukp,hi,5000,,,749672123,8652281,149,
hi_n5000-15-s750851024c5241702.ukp,hi,5000,,,750851024,5241702,15,
hi_n5000-150-s284805461c3802200.ukp,hi,5000,,,284805461,3802200,150,
hi_n5000-151-s718716699c3205135.ukp,hi,5000,,,718716699,3205135,151,
hi_n5000-152-s95933711c4215227.ukp,hi,5000,,,95933711,4215227,152,
hi_n5000-153-s212229957c7465127.ukp,hi,5000,,,212229957,7465127,153,
hi_n5000-154-s898053813c5473784.ukp,hi,5000,,,898053813,5473784,154,
hi_n5000-155-s228047780c8726377.ukp,hi,5000,,,228047780,8726377,155,
hi_n5000-156-s338119343c5783115.ukp,hi,5000,,,338119343,5783115,156,
hi_n5000-157-s491707671c8479680.ukp,hi,5000,,,491707671,8479680,157,
hi_n5000-158-s394447196c810121.ukp,hi,5000,,,394447196,810121,158,
hi_n5000-159-s889351749c1827804.ukp,hi,5000,,,889351749,1827804,159,
hi_n5000-16-s221755733c3795391.ukp,hi,5000,,,221755733,3795391,16,
hi_n5000-160-s795342803c2865787.ukp,hi,5000,,,795342803,2865787,160,
hi_n5000-161-s357785697c4744515.ukp,hi,5000,,,357785697,4744515,161,
hi_n5000-162-s993255606c564361.ukp,hi,5000,,,993255606,564361,162,
hi_n5000-163-s498052849c3173165.ukp,hi,5000,,,498052849,3173165,163,
hi_n5000-164-s976819494c7343572.ukp,hi,5000,,,976819494,7343572,164,
hi_n5000-165-s562005415c763193.ukp,hi,5000,,,562005415,763193,165,
hi_n5000-166-s986141003c5633168.ukp,hi,5000,,,986141003,5633168,166,
hi_n5000-167-s503963159c4970401.ukp,hi,5000,,,503963159,4970401,167,
hi_n5000-168-s568785642c1997287.ukp,hi,5000,,,568785642,1997287,168,
hi_n5000-169-s918500202c2381969.ukp,hi,5000,,,918500202,2381969,169,
hi_n5000-17-s994385767c5488791.ukp,hi,5000,,,994385767,5488791,17,
hi_n5000-170-s865173399c750624.ukp,hi,5000,,,865173399,750624,170,
hi_n5000-171-s982002864c2672525.ukp,hi,5000,,,982002864,2672525,171,
hi_n5000-172-s332240810c9809750.ukp,hi,5000,,,332240810,9809750,172,
hi_n5000-173-s898334592c1807019.ukp,hi,5000,,,898334592,1807019,173,
hi_n5000-174-s902437174c6987539.ukp,hi,5000,,,902437174,6987539,174,
hi_n5000-175-s690859146c2596379.ukp,hi,5000,,,690859146,2596379,175,
hi_n5000-176-s749117416c4003615.ukp,hi,5000,,,749117416,4003615,176,
hi_n5000-177-s12157337c8110064.ukp,hi,5000,,,12157337,8110064,177,
hi_n5000-178-s399402953c3928017.ukp,hi,5000,,,399402953,3928017,178,
hi_n5000-179-s512244761c7185290.ukp,hi,5000,,,512244761,7185290,179,
hi_n5000-18-s575639252c2452692.ukp,hi,5000,,,575639252,2452692,18,
hi_n5000-180-s497842916c4902827.ukp,hi,5000,,,497842916,4902827,180,
hi_n5000-181-s597147704c5966410.ukp,hi,5000,,,597147704,5966410,181,
hi_n5000-182-s551254315c385066.ukp,hi,5000,,,551254315,385066,182,
hi_n5000-183-s334933134c1018780.ukp,hi,5000,,,334933134,1018780,183,
hi_n5000-184-s675142562c1621867.ukp,hi,5000,,,675142562,1621867,184,
hi_n5000-185-s594945988c2341834.ukp,hi,5000,,,594945988,2341834,185,
hi_n5000-186-s781864574c4026290.ukp,hi,5000,,,781864574,4026290,186,
hi_n5000-187-s665806388c172532.ukp,hi,5000,,,665806388,172532,187,
hi_n5000-188-s679641345c4248243.ukp,hi,5000,,,679641345,4248243,188,
hi_n5000-189-s759786854c9777440.ukp,hi,5000,,,759786854,9777440,189,
hi_n5000-19-s808826180c589971.ukp,hi,5000,,,808826180,589971,19,
hi_n5000-190-s709804088c5416722.ukp,hi,5000,,,709804088,5416722,190,
hi_n5000-191-s436160055c1840037.ukp,hi,5000,,,436160055,1840037,191,
hi_n5000-192-s571431776c6019596.ukp,hi,5000,,,571431776,6019596,192,
hi_n5000-193-s98451920c1719966.ukp,hi,5000,,,98451920,1719966,193,
hi_n5000-194-s589607845c241702.ukp,hi,5000,,,589607845,241702,194,
hi_n5000-195-s468077220c9488730.ukp,hi,5000,,,468077220,9488730,195,
hi_n5000-196-s623091554c2472338.ukp,hi,5000,,,623091554,2472338,196,
hi_n5000-197-s733451078c2823788.ukp,hi,5000,,,733451078,2823788,197,
hi_n5000-198-s358578213c9154189.ukp,hi,5000,,,358578213,9154189,198,
hi_n5000-199-s702592739c6675866.ukp,hi,5000,,,702592739,6675866,199,
hi_n5000-2-s324673955c9445422.ukp,hi,5000,,,324673955,9445422,2,
hi_n5000-20-s742053853c4277527.ukp,hi,5000,,,742053853,4277527,20,
hi_n5000-200-s244653983c5454693.ukp,hi,5000,,,244653983,5454693,200,
hi_n5000-201-s562427866c9009494.ukp,hi,5000,,,562427866,9009494,201,
hi_n5000-202-s856354096c7218736.ukp,hi,5000,,,856354096,7218736,202,
hi_n5000-203-s203350890c6835586.ukp,hi,5000,,,203350890,6835586,203,
hi_n5000-204-s185719001c4477214.ukp,hi,5000,,,185719001,4477214,204,
hi_n5000-205-s455315464c7547207.ukp,hi,5000,,,455315464,7547207,205,
hi_n5000-206-s331409890c1785483.ukp,hi,5000,,,331409890,1785483,206,
hi_n5000-207-s396803529c2912463.ukp,hi,5000,,,396803529,2912463,207,
hi_n5000-208-s397415542c2328490.ukp,hi,5000,,,397415542,2328490,208,
hi_n5000-209-s933939819c8528025.ukp,hi,5000,,,933939819,8528025,209,
hi_n5000-21-s669712253c4156282.ukp,hi,5000,,,669712253,4156282,21,
hi_n5000-210-s809677775c2331404.ukp,hi,5000,,,809677775,2331404,210,
hi_n5000-211-s796012404c4303780.ukp,hi,5000,,,796012404,4303780,211,
hi_n5000-212-s630649375c1275108.ukp,hi,5000,,,630649375,1275108,212,
hi_n5000-213-s713186253c9155556.ukp,hi,5000,,,713186253,9155556,213,
hi_n5000-214-s232256585c3715611.ukp,hi,5000,,,232256585,3715611,214,
hi_n5000-215-s375173258c5029329.ukp,hi,5000,,,375173258,5029329,215,
hi_n5000-216-s79856705c6445041.ukp,hi,5000,,,79856705,6445041,216,
hi_n5000-217-s620046486c311791.ukp,hi,5000,,,620046486,311791,217,
hi_n5000-218-s237779488c5638982.ukp,hi,5000,,,237779488,5638982,218,
hi_n5000-219-s637974412c333169.ukp,hi,5000,,,637974412,333169,219,
hi_n5000-22-s434860255c760592.ukp,hi,5000,,,434860255,760592,22,
hi_n5000-220-s32041991c481094.ukp,hi,5000,,,32041991,481094,220,
hi_n5000-221-s125393811c3976632.ukp,hi,5000,,,125393811,3976632,221,
hi_n5000-222-s128158014c7798653.ukp,hi,5000,,,128158014,7798653,222,
hi_n5000-223-s303164619c4174611.ukp,hi,5000,,,303164619,4174611,223,
hi_n5000-224-s233995869c6060928.ukp,hi,5000,,,233995869,6060928,224,
hi_n5000-225-s266680480c3807344.ukp,hi,5000,,,266680480,3807344,225,
hi_n5000-226-s143998406c6776832.ukp,hi,5000,,,143998406,6776832,226,
hi_n5000-227-s792636241c2169081.ukp,hi,5000,,,792636241,2169081,227,
hi_n5000-228-s461982901c4705487.ukp,hi,5000,,,461982901,4705487,228,
hi_n5000-229-s430465835c4055287.ukp,hi,5000,,,430465835,4055287,229,
hi_n5000-23-s605460062c1320121.ukp,hi,5000,,,605460062,1320121,23,
hi_n5000-230-s927753013c1421347.ukp,hi,5000,,,927753013,1421347,230,
hi_n5000-231-s687055819c8713168.ukp,hi,5000,,,687055819,8713168,231,
hi_n5000-232-s640375662c6938471.ukp,hi,5000,,,640375662,6938471,232,
hi_n5000-233-s814183802c987670.ukp,hi,5000,,,814183802,987670,233,
hi_n5000-234-s363583529c3833765.ukp,hi,5000,,,363583529,3833765,234,
hi_n5000-235-s8562352c1904194.ukp,hi,5000,,,8562352,1904194,235,
hi_n5000-236-s152942261c1047009.ukp,hi,5000,,,152942261,1047009,236,
hi_n5000-237-s301795704c973923.ukp,hi,5000,,,301795704,973923,237,
hi_n5000-238-s123616711c1984741.ukp,hi,5000,,,123616711,1984741,238,
hi_n5000-239-s462789496c7454675.ukp,hi,5000,,,462789496,7454675,239,
hi_n5000-24-s320356631c289111.ukp,hi,5000,,,320356631,289111,24,
hi_n5000-240-s213174395c6662963.ukp,hi,5000,,,213174395,6662963,240,
hi_n5000-241-s805600152c4927373.ukp,hi,5000,,,805600152,4927373,241,
hi_n5000-242-s149558978c884832.ukp,hi,5000,,,149558978,884832,242,
hi_n5000-243-s325290391c812254.ukp,hi,5000,,,325290391,812254,243,
hi_n5000-244-s892829231c1296023.ukp,hi,5000,,,892829231,1296023,244,
hi_n5000-245-s40353095c7514492.ukp,hi,5000,,,40353095,7514492,245,
hi_n5000-246-s368872582c236748.ukp,hi,5000,,,368872582,236748,246,
hi_n5000-247-s9199696c3598813.ukp,hi,5000,,,9199696,3598813,247,
hi_n5000-248-s569030747c2235698.ukp,hi,5000,,,569030747,2235698,248,
hi_n5000-249-s552268100c7781968.ukp,hi,5000,,,552268100,7781968,249,
hi_n5000-25-s199811851c295352.ukp,hi,5000,,,199811851,295352,25,
hi_n5000-250-s173859084c5698356.ukp,hi,5000,,,173859084,5698356,250,
hi_n5000-251-s268449167c1220326.ukp,hi,5000,,,268449167,1220326,251,
hi_n5000-252-s51132700c1817429.ukp,hi,5000,,,51132700,1817429,252,
hi_n5000-253-s43310200c4753908.ukp,hi,5000,,,43310200,4753908,253,
hi_n5000-254-s432746252c4231738.ukp,hi,5000,,,432746252,4231738,254,
hi_n5000-255-s379254110c438436.ukp,hi,5000,,,379254110,438436,255,
hi_n5000-256-s142613265c1836766.ukp,hi,5000,,,142613265,1836766,256,
hi_n5000-257-s340363402c4873798.ukp,hi,5000,,,340363402,4873798,257,
hi_n5000-258-s229317703c8847073.ukp,hi,5000,,,229317703,8847073,258,
hi_n5000-259-s941705476c6109183.ukp,hi,5000,,,941705476,6109183,259,
hi_n5000-26-s90924128c4784946.ukp,hi,5000,,,90924128,4784946,26,
hi_n5000-260-s659470201c1910660.ukp,hi,5000,,,659470201,1910660,260,
hi_n5000-261-s966708025c4904088.ukp,hi,5000,,,966708025,4904088,261,
hi_n5000-262-s792039649c863684.ukp,hi,5000,,,792039649,863684,262,
hi_n5000-263-s825928988c3026004.ukp,hi,5000,,,825928988,3026004,263,
hi_n5000-264-s956618993c5044432.ukp,hi,5000,,,956618993,5044432,264,
hi_n5000-265-s343126569c8113183.ukp,hi,5000,,,343126569,8113183,265,
hi_n5000-266-s358801221c4487433.ukp,hi,5000,,,358801221,4487433,266,
hi_n5000-267-s837911274c2961817.ukp,hi,5000,,,837911274,2961817,267,
hi_n5000-268-s530664442c7468046.ukp,hi,5000,,,530664442,7468046,268,
hi_n5000-269-s132278514c1523292.ukp,hi,5000,,,132278514,1523292,269,
hi_n5000-27-s532584774c4924154.ukp,hi,5000,,,532584774,4924154,27,
hi_n5000-270-s130765173c586926.ukp,hi,5000,,,130765173,586926,270,
hi_n5000-271-s506311923c9201628.ukp,hi,5000,,,506311923,9201628,271,
hi_n5000-272-s876785217c7202544.ukp,hi,5000,,,876785217,7202544,272,
hi_n5000-273-s618044498c7071725.ukp,hi,5000,,,618044498,7071725,273,
hi_n5000-274-s478569737c5492503.ukp,hi,5000,,,478569737,5492503,274,
hi_n5000-275-s720039518c1160915.ukp,hi,5000,,,720039518,1160915,275,
hi_n5000-276-s989609714c5046564.ukp,hi,5000,,,989609714,5046564,276,
hi_n5000-277-s289188356c9452552.ukp,hi,5000,,,289188356,9452552,277,
hi_n5000-278-s818372142c9290651.ukp,hi,5000,,,818372142,9290651,278,
hi_n5000-279-s183931098c4021294.ukp,hi,5000,,,183931098,4021294,279,
hi_n5000-28-s882501307c3244282.ukp,hi,5000,,,882501307,3244282,28,
hi_n5000-280-s813425575c870904.ukp,hi,5000,,,813425575,870904,280,
hi_n5000-281-s125668799c9066197.ukp,hi,5000,,,125668799,9066197,281,
hi_n5000-282-s85427437c8792909.ukp,hi,5000,,,85427437,8792909,282,
hi_n5000-283-s491803659c9650898.ukp,hi,5000,,,491803659,9650898,283,
hi_n5000-284-s921541777c8828235.ukp,hi,5000,,,921541777,8828235,284,
hi_n5000-285-s913104367c3210675.ukp,hi,5000,,,913104367,3210675,285,
hi_n5000-286-s54059702c9677867.ukp,hi,5000,,,54059702,9677867,286,
hi_n5000-287-s15834020c7770367.ukp,hi,5000,,,15834020,7770367,287,
hi_n5000-288-s543662160c4771071.ukp,hi,5000,,,543662160,4771071,288,
hi_n5000-289-s682002986c1552971.ukp,hi,5000,,,682002986,1552971,289,
hi_n5000-29-s443600954c1100532.ukp,hi,5000,,,443600954,1100532,29,
hi_n5000-290-s611057533c8673995.ukp,hi,5000,,,611057533,8673995,290,
hi_n5000-291-s244607098c8575336.ukp,hi,5000,,,244607098,8575336,291,
hi_n5000-292-s931912657c8186875.ukp,hi,5000,,,931912657,8186875,292,
hi_n5000-293-s510834339c3130207.ukp,hi,5000,,,510834339,3130207,293,
hi_n5000-294-s171630872c2824619.ukp,hi,5000,,,171630872,2824619,294,
hi_n5000-295-s64565003c9194612.ukp,hi,5000,,,64565003,9194612,295,
hi_n5000-296-s756653619c6346480.ukp,hi,5000,,,756653619,6346480,296,
hi_n5000-297-s125514086c6734168.ukp,hi,5000,,,125514086,6734168,297,
hi_n5000-298-s521709984c9484981.ukp,hi,5000,,,521709984,9484981,298,
hi_n5000-299-s168042333c5376652.ukp,hi,5000,,,168042333,5376652,299,
hi_n5000-3-s300958364c5172202.ukp,hi,5000,,,300958364,5172202,3,
hi_n5000-30-s418727292c3528071.ukp,hi,5000,,,418727292,3528071,30,
hi_n5000-300-s726001211c3236401.ukp,hi,5000,,,726001211,3236401,300,
hi_n5000-301-s777137311c7380818.ukp,hi,5000,,,777137311,7380818,301,
hi_n5000-302-s730277963c6984282.ukp,hi,5000,,,730277963,6984282,302,
hi_n5000-303-s574476872c1454522.ukp,hi,5000,,,574476872,1454522,303,
hi_n5000-304-s227337887c3520595.ukp,hi,5000,,,227337887,3520595,304,
hi_n5000-305-s338216231c4355573.ukp,hi,5000,,,338216231,4355573,305,
hi_n5000-306-s91067200c7500671.ukp,hi,5000,,,91067200,7500671,306,
hi_n5000-307-s896730166c6649204.ukp,hi,5000,,,896730166,6649204,307,
hi_n5000-308-s432774422c7115160.ukp,hi,5000,,,432774422,7115160,308,
hi_n5000-309-s479378978c8491738.ukp,hi,5000,,,479378978,8491738,309,
hi_n5000-31-s410031365c7557273.ukp,hi,5000,,,410031365,7557273,31,
hi_n5000-310-s688536648c6518923.ukp,hi,5000,,,688536648,6518923,310,
hi_n5000-311-s159071442c3039709.ukp,hi,5000,,,159071442,3039709,311,
hi_n5000-312-s329959058c3624655.ukp,hi,5000,,,329959058,3624655,312,
hi_n5000-313-s913802786c3967138.ukp,hi,5000,,,913802786,3967138,313,
hi_n5000-314-s773924804c7870170.ukp,hi,5000,,,773924804,7870170,314,
hi_n5000-315-s741879402c9811788.ukp,hi,5000,,,741879402,9811788,315,
hi_n5000-316-s734079079c6878434.ukp,hi,5000,,,734079079,6878434,316,
hi_n5000-317-s612149826c2006966.ukp,hi,5000,,,612149826,2006966,317,
hi_n5000-318-s72714954c1948539.ukp,hi,5000,,,72714954,1948539,318,
hi_n5000-319-s803803347c1597948.ukp,hi,5000,,,803803347,1597948,319,
hi_n5000-32-s674362184c9214816.ukp,hi,5000,,,674362184,9214816,32,
hi_n5000-320-s851423352c3172217.ukp,hi,5000,,,851423352,3172217,320,
hi_n5000-321-s137237919c4513848.ukp,hi,5000,,,137237919,4513848,321,
hi_n5000-322-s528686676c3329501.ukp,hi,5000,,,528686676,3329501,322,
hi_n5000-323-s526816235c3452613.ukp,hi,5000,,,526816235,3452613,323,
hi_n5000-324-s999192827c847798.ukp,hi,5000,,,999192827,847798,324,
hi_n5000-325-s180680115c7335268.ukp,hi,5000,,,180680115,7335268,325,
hi_n5000-326-s90048873c1143730.ukp,hi,5000,,,90048873,1143730,326,
hi_n5000-327-s730437088c1444653.ukp,hi,5000,,,730437088,1444653,327,
hi_n5000-328-s545189497c3365508.ukp,hi,5000,,,545189497,3365508,328,
hi_n5000-329-s620558410c5964651.ukp,hi,5000,,,620558410,5964651,329,
hi_n5000-33-s126192256c6034433.ukp,hi,5000,,,126192256,6034433,33,
hi_n5000-330-s16136692c1208881.ukp,hi,5000,,,16136692,1208881,330,
hi_n5000-331-s363501936c2563958.ukp,hi,5000,,,363501936,2563958,331,
hi_n5000-332-s829921210c1167491.ukp,hi,5000,,,829921210,1167491,332,
hi_n5000-333-s435115918c253605.ukp,hi,5000,,,435115918,253605,333,
hi_n5000-334-s798298455c1446262.ukp,hi,5000,,,798298455,1446262,334,
hi_n5000-335-s935632244c7246530.ukp,hi,5000,,,935632244,7246530,335,
hi_n5000-336-s118607476c910577.ukp,hi,5000,,,118607476,910577,336,
hi_n5000-337-s789959996c9117405.ukp,hi,5000,,,789959996,9117405,337,
hi_n5000-338-s684896905c4167307.ukp,hi,5000,,,684896905,4167307,338,
hi_n5000-339-s390142488c6539973.ukp,hi,5000,,,390142488,6539973,339,
hi_n5000-34-s467641010c7638994.ukp,hi,5000,,,467641010,7638994,34,
hi_n5000-340-s85004012c7801239.ukp,hi,5000,,,85004012,7801239,340,
hi_n5000-341-s373038940c5506961.ukp,hi,5000,,,373038940,5506961,341,
hi_n5000-342-s644582044c4662957.ukp,hi,5000,,,644582044,4662957,342,
hi_n5000-343-s730267981c3056498.ukp,hi,5000,,,730267981,3056498,343,
hi_n5000-344-s224170978c148537.ukp,hi,5000,,,224170978,148537,344,
hi_n5000-345-s245844219c1622113.ukp,hi,5000,,,245844219,1622113,345,
hi_n5000-346-s729743919c3557977.ukp,hi,5000,,,729743919,3557977,346,
hi_n5000-347-s802152580c8038279.ukp,hi,5000,,,802152580,8038279,347,
hi_n5000-348-s97045152c3356493.ukp,hi,5000,,,97045152,3356493,348,
hi_n5000-349-s206981756c2254967.ukp,hi,5000,,,206981756,2254967,349,
hi_n5000-35-s889293313c3962519.ukp,hi,5000,,,889293313,3962519,35,
hi_n5000-350-s285463174c3497645.ukp,hi,5000,,,285463174,3497645,350,
hi_n5000-351-s225507421c2351527.ukp,hi,5000,,,225507421,2351527,351,
hi_n5000-352-s118454554c5378797.ukp,hi,5000,,,118454554,5378797,352,
hi_n5000-353-s834407151c8637834.ukp,hi,5000,,,834407151,8637834,353,
hi_n5000-354-s208448807c3957722.ukp,hi,5000,,,208448807,3957722,354,
hi_n5000-355-s441143757c3161965.ukp,hi,5000,,,441143757,3161965,355,
hi_n5000-356-s383859101c2053171.ukp,hi,5000,,,383859101,2053171,356,
hi_n5000-357-s78596203c9110142.ukp,hi,5000,,,78596203,9110142,357,
hi_n5000-358-s166672639c6725396.ukp,hi,5000,,,166672639,6725396,358,
hi_n5000-359-s46944898c5381030.ukp,hi,5000,,,46944898,5381030,359,
hi_n5000-36-s442208726c8093966.ukp,hi,5000,,,442208726,8093966,36,
hi_n5000-360-s920056164c4410851.ukp,hi,5000,,,920056164,4410851,360,
hi_n5000-361-s10177486c4520921.ukp,hi,5000,,,10177486,4520921,361,
hi_n5000-362-s659945289c161385.ukp,hi,5000,,,659945289,161385,362,
hi_n5000-363-s183358641c6131577.ukp,hi,5000,,,183358641,6131577,363,
hi_n5000-364-s195387934c6135028.ukp,hi,5000,,,195387934,6135028,364,
hi_n5000-365-s77820708c1637945.ukp,hi,5000,,,77820708,1637945,365,
hi_n5000-366-s904341899c4329792.ukp,hi,5000,,,904341899,4329792,366,
hi_n5000-367-s114859999c9672339.ukp,hi,5000,,,114859999,9672339,367,
hi_n5000-368-s169616393c5845631.ukp,hi,5000,,,169616393,5845631,368,
hi_n5000-369-s235930013c4756834.ukp,hi,5000,,,235930013,4756834,369,
hi_n5000-37-s252959003c2884248.ukp,hi,5000,,,252959003,2884248,37,
hi_n5000-370-s659803863c8694772.ukp,hi,5000,,,659803863,8694772,370,
hi_n5000-371-s888531767c3420575.ukp,hi,5000,,,888531767,3420575,371,
hi_n5000-372-s726307672c7380526.ukp,hi,5000,,,726307672,7380526,372,
hi_n5000-373-s997278557c9087456.ukp,hi,5000,,,997278557,9087456,373,
hi_n5000-374-s890735735c3545087.ukp,hi,5000,,,890735735,3545087,374,
hi_n5000-375-s134917378c9816839.ukp,hi,5000,,,134917378,9816839,375,
hi_n5000-376-s224319647c7815102.ukp,hi,5000,,,224319647,7815102,376,
hi_n5000-377-s657896393c3003322.ukp,hi,5000,,,657896393,3003322,377,
hi_n5000-378-s578113070c8752609.ukp,hi,5000,,,578113070,8752609,378,
hi_n5000-379-s289613875c6175729.ukp,hi,5000,,,289613875,6175729,379,
hi_n5000-38-s527753500c6354493.ukp,hi,5000,,,527753500,6354493,38,
hi_n5000-380-s360265767c8834721.ukp,hi,5000,,,360265767,8834721,380,
hi_n5000-381-s349395051c9024951.ukp,hi,5000,,,349395051,9024951,381,
hi_n5000-382-s662703693c4352861.ukp,hi,5000,,,662703693,4352861,382,
hi_n5000-383-s91594350c2256221.ukp,hi,5000,,,91594350,2256221,383,
hi_n5000-384-s313927832c7967360.ukp,hi,5000,,,313927832,7967360,384,
hi_n5000-385-s985161383c6156535.ukp,hi,5000,,,985161383,6156535,385,
hi_n5000-386-s363374108c8851581.ukp,hi,5000,,,363374108,8851581,386,
hi_n5000-387-s447645624c6596333.ukp,hi,5000,,,447645624,6596333,387,
hi_n5000-388-s725950929c4836116.ukp,hi,5000,,,725950929,4836116,388,
hi_n5000-389-s863176603c8779853.ukp,hi,5000,,,863176603,8779853,389,
hi_n5000-39-s713413380c7875145.ukp,hi,5000,,,713413380,7875145,39,
hi_n5000-390-s344204701c782644.ukp,hi,5000,,,344204701,782644,390,
hi_n5000-391-s356074706c8710115.ukp,hi,5000,,,356074706,8710115,391,
hi_n5000-392-s927015049c2217853.ukp,hi,5000,,,927015049,2217853,392,
hi_n5000-393-s52174714c3294607.ukp,hi,5000,,,52174714,3294607,393,
hi_n5000-394-s78094432c5210159.ukp,hi,5000,,,78094432,5210159,394,
hi_n5000-395-s697826265c6776687.ukp,hi,5000,,,697826265,6776687,395,
hi_n5000-396-s685946136c2653458.ukp,hi,5000,,,685946136,2653458,396,
hi_n5000-397-s29049563c7552202.ukp,hi,5000,,,29049563,7552202,397,
hi_n5000-398-s133251444c2046538.ukp,hi,5000,,,133251444,2046538,398,
hi_n5000-399-s19578528c2651146.ukp,hi,5000,,,19578528,2651146,399,
hi_n5000-4-s182130978c7957284.ukp,hi,5000,,,182130978,7957284,4,
hi_n5000-40-s534548386c5024417.ukp,hi,5000,,,534548386,5024417,40,
hi_n5000-400-s527938850c260346.ukp,hi,5000,,,527938850,260346,400,
hi_n5000-401-s949050623c9980013.ukp,hi,5000,,,949050623,9980013,401,
hi_n5000-402-s577881003c7863311.ukp,hi,5000,,,577881003,7863311,402,
hi_n5000-403-s421267430c1858306.ukp,hi,5000,,,421267430,1858306,403,
hi_n5000-404-s698153803c1071853.ukp,hi,5000,,,698153803,1071853,404,
hi_n5000-405-s986435278c8747204.ukp,hi,5000,,,986435278,8747204,405,
hi_n5000-406-s651738470c3632894.ukp,hi,5000,,,651738470,3632894,406,
hi_n5000-407-s115684993c3795425.ukp,hi,5000,,,115684993,3795425,407,
hi_n5000-408-s231573541c454666.ukp,hi,5000,,,231573541,454666,408,
hi_n5000-409-s240120430c7493231.ukp,hi,5000,,,240120430,7493231,409,
hi_n5000-41-s262685617c6678450.ukp,hi,5000,,,262685617,6678450,41,
hi_n5000-410-s550957023c6458611.ukp,hi,5000,,,550957023,6458611,410,
hi_n5000-411-s191359717c4593393.ukp,hi,5000,,,191359717,4593393,411,
hi_n5000-412-s395191829c8774726.ukp,hi,5000,,,395191829,8774726,412,
hi_n5000-413-s241841235c5153321.ukp,hi,5000,,,241841235,5153321,413,
hi_n5000-414-s173350832c8406329.ukp,hi,5000,,,173350832,8406329,414,
hi_n5000-415-s308291223c2496359.ukp,hi,5000,,,308291223,2496359,415,
hi_n5000-416-s106334440c9712767.ukp,hi,5000,,,106334440,9712767,416,
hi_n5000-417-s920986475c2805826.ukp,hi,5000,,,920986475,2805826,417,
hi_n5000-418-s727403291c2695422.ukp,hi,5000,,,727403291,2695422,418,
hi_n5000-419-s384707603c9052030.ukp,hi,5000,,,384707603,9052030,419,
hi_n5000-42-s261146317c3877296.ukp,hi,5000,,,261146317,3877296,42,
hi_n5000-420-s530564065c2265695.ukp,hi,5000,,,530564065,2265695,420,
hi_n5000-421-s589477672c6661646.ukp,hi,5000,,,589477672,6661646,421,
hi_n5000-422-s205756437c5592252.ukp,hi,5000,,,205756437,5592252,422,
hi_n5000-423-s268622270c7396308.ukp,hi,5000,,,268622270,7396308,423,
hi_n5000-424-s79166218c5776668.ukp,hi,5000,,,79166218,5776668,424,
hi_n5000-425-s203306834c4429236.ukp,hi,5000,,,203306834,4429236,425,
hi_n5000-426-s425004306c6680412.ukp,hi,5000,,,425004306,6680412,426,
hi_n5000-427-s692094263c578241.ukp,hi,5000,,,692094263,578241,427,
hi_n5000-428-s111763732c4056591.ukp,hi,5000,,,111763732,4056591,428,
hi_n5000-429-s286513221c3102931.ukp,hi,5000,,,286513221,3102931,429,
hi_n5000-43-s325989053c5628220.ukp,hi,5000,,,325989053,5628220,43,
hi_n5000-430-s453065461c8635466.ukp,hi,5000,,,453065461,8635466,430,
hi_n5000-431-s624559068c4426277.ukp,hi,5000,,,624559068,4426277,431,
hi_n5000-432-s174617445c4627185.ukp,hi,5000,,,174617445,4627185,432,
hi_n5000-433-s687201656c4711363.ukp,hi,5000,,,687201656,4711363,433,
hi_n5000-434-s344071035c2123994.ukp,hi,5000,,,344071035,2123994,434,
hi_n5000-435-s151468172c5634552.ukp,hi,5000,,,151468172,5634552,435,
hi_n5000-436-s442513933c7794145.ukp,hi,5000,,,442513933,7794145,436,
hi_n5000-437-s238429703c2797913.ukp,hi,5000,,,238429703,2797913,437,
hi_n5000-438-s781201605c7046114.ukp,hi,5000,,,781201605,7046114,438,
hi_n5000-439-s137305354c3180683.ukp,hi,5000,,,137305354,3180683,439,
hi_n5000-44-s539788685c2014515.ukp,hi,5000,,,539788685,2014515,44,
hi_n5000-440-s102994897c7173676.ukp,hi,5000,,,102994897,7173676,440,
hi_n5000-441-s603869953c9857164.ukp,hi,5000,,,603869953,9857164,441,
hi_n5000-442-s242289138c1376079.ukp,hi,5000,,,242289138,1376079,442,
hi_n5000-443-s513173851c2664875.ukp,hi,5000,,,513173851,2664875,443,
hi_n5000-444-s540209456c6994714.ukp,hi,5000,,,540209456,6994714,444,
hi_n5000-445-s120106892c7324377.ukp,hi,5000,,,120106892,7324377,445,
hi_n5000-446-s852721236c6491429.ukp,hi,5000,,,852721236,6491429,446,
hi_n5000-447-s108509831c8784980.ukp,hi,5000,,,108509831,8784980,447,
hi_n5000-448-s566177757c1044606.ukp,hi,5000,,,566177757,1044606,448,
hi_n5000-449-s911451083c5673598.ukp,hi,5000,,,911451083,5673598,449,
hi_n5000-45-s19378828c1766445.ukp,hi,5000,,,19378828,1766445,45,
hi_n5000-450-s723629950c2409016.ukp,hi,5000,,,723629950,2409016,450,
hi_n5000-451-s72680581c2549843.ukp,hi,5000,,,72680581,2549843,451,
hi_n5000-452-s139986500c7907514.ukp,hi,5000,,,139986500,7907514,452,
hi_n5000-453-s622472121c3490958.ukp,hi,5000,,,622472121,3490958,453,
hi_n5000-454-s764661701c5282893.ukp,hi,5000,,,764661701,5282893,454,
hi_n5000-455-s984814964c1971778.ukp,hi,5000,,,984814964,1971778,455,
hi_n5000-456-s291807947c6605694.ukp,hi,5000,,,291807947,6605694,456,
hi_n5000-457-s896083696c7412599.ukp,hi,5000,,,896083696,7412599,457,
hi_n5000-458-s100358347c6410335.ukp,hi,5000,,,100358347,6410335,458,
hi_n5000-459-s591626342c4174573.ukp,hi,5000,,,591626342,4174573,459,
hi_n5000-46-s956143877c3579055.ukp,hi,5000,,,956143877,3579055,46,
hi_n5000-460-s251685855c9547163.ukp,hi,5000,,,251685855,9547163,460,
hi_n5000-461-s386597034c276866.ukp,hi,5000,,,386597034,276866,461,
hi_n5000-462-s10096367c4763568.ukp,hi,5000,,,10096367,4763568,462,
hi_n5000-463-s578849134c4676318.ukp,hi,5000,,,578849134,4676318,463,
hi_n5000-464-s504944976c7805074.ukp,hi,5000,,,504944976,7805074,464,
hi_n5000-465-s346438026c9166267.ukp,hi,5000,,,346438026,9166267,465,
hi_n5000-466-s494524491c2674068.ukp,hi,5000,,,494524491,2674068,466,
hi_n5000-467-s647172791c3992549.ukp,hi,5000,,,647172791,3992549,467,
hi_n5000-468-s683894430c7176247.ukp,hi,5000,,,683894430,7176247,468,
hi_n5000-469-s160863513c4113054.ukp,hi,5000,,,160863513,4113054,469,
hi_n5000-47-s442730424c3637543.ukp,hi,5000,,,442730424,3637543,47,
hi_n5000-470-s217303292c299685.ukp,hi,5000,,,217303292,299685,470,
hi_n5000-471-s350731266c5494901.ukp,hi,5000,,,350731266,5494901,471,
hi_n5000-472-s359051883c9637936.ukp,hi,5000,,,359051883,9637936,472,
hi_n5000-473-s368525918c7658994.ukp,hi,5000,,,368525918,7658994,473,
hi_n5000-474-s971450924c8950445.ukp,hi,5000,,,971450924,8950445,474,
hi_n5000-475-s686216765c8618519.ukp,hi,5000,,,686216765,8618519,475,
hi_n5000-476-s473841069c6689067.ukp,hi,5000,,,473841069,6689067,476,
hi_n5000-477-s213205243c7566511.ukp,hi,5000,,,213205243,7566511,477,
hi_n5000-478-s955986354c9265905.ukp,hi,5000,,,955986354,9265905,478,
hi_n5000-479-s832284478c9290359.ukp,hi,5000,,,832284478,9290359,479,
hi_n5000-48-s888315654c8258588.ukp,hi,5000,,,888315654,8258588,48,
hi_n5000-480-s818213356c509698.ukp,hi,5000,,,818213356,509698,480,
hi_n5000-481-s321777396c4583760.ukp,hi,5000,,,321777396,4583760,481,
hi_n5000-482-s544590797c9464983.ukp,hi,5000,,,544590797,9464983,482,
hi_n5000-483-s788052237c9311050.ukp,hi,5000,,,788052237,9311050,483,
hi_n5000-484-s162391755c3762785.ukp,hi,5000,,,162391755,3762785,484,
hi_n5000-485-s939900702c2145848.ukp,hi,5000,,,939900702,2145848,485,
hi_n5000-486-s133188677c6695285.ukp,hi,5000,,,133188677,6695285,486,
hi_n5000-487-s184991892c6923487.ukp,hi,5000,,,184991892,6923487,487,
hi_n5000-488-s729971223c8225632.ukp,hi,5000,,,729971223,8225632,488,
hi_n5000-489-s536731580c6861099.ukp,hi,5000,,,536731580,6861099,489,
hi_n5000-49-s147981886c5197266.ukp,hi,5000,,,147981886,5197266,49,
hi_n5000-490-s229998815c8928363.ukp,hi,5000,,,229998815,8928363,490,
hi_n5000-491-s993158591c3683925.ukp,hi,5000,,,993158591,3683925,491,
hi_n5000-492-s733097480c2143112.ukp,hi,5000,,,733097480,2143112,492,
hi_n5000-493-s704476488c9884120.ukp,hi,5000,,,704476488,9884120,493,
hi_n5000-494-s629839208c6911947.ukp,hi,5000,,,629839208,6911947,494,
hi_n5000-495-s159240154c4231857.ukp,hi,5000,,,159240154,4231857,495,
hi_n5000-496-s380744672c4373156.ukp,hi,5000,,,380744672,4373156,496,
hi_n5000-497-s825468163c7161943.ukp,hi,5000,,,825468163,7161943,497,
hi_n5000-498-s909110308c8772358.ukp,hi,5000,,,909110308,8772358,498,
hi_n5000-499-s861354474c1019453.ukp,hi,5000,,,861354474,1019453,499,
hi_n5000-5-s554525798c945504.ukp,hi,5000,,,554525798,945504,5,
hi_n5000-50-s814994716c192100.ukp,hi,5000,,,814994716,192100,50,
hi_n5000-51-s857022904c2280742.ukp,hi,5000,,,857022904,2280742,51,
hi_n5000-52-s183617890c9589035.ukp,hi,5000,,,183617890,9589035,52,
hi_n5000-53-s174653861c9401492.ukp,hi,5000,,,174653861,9401492,53,
hi_n5000-54-s539601603c8383254.ukp,hi,5000,,,539601603,8383254,54,
hi_n5000-55-s760758831c3832351.ukp,hi,5000,,,760758831,3832351,55,
hi_n5000-56-s943575858c5190132.ukp,hi,5000,,,943575858,5190132,56,
hi_n5000-57-s578238354c8879894.ukp,hi,5000,,,578238354,8879894,57,
hi_n5000-58-s757232490c9333188.ukp,hi,5000,,,757232490,9333188,58,
hi_n5000-59-s178019452c1395982.ukp,hi,5000,,,178019452,1395982,59,
hi_n5000-6-s398797429c3023224.ukp,hi,5000,,,398797429,3023224,6,
hi_n5000-60-s660566353c7118461.ukp,hi,5000,,,660566353,7118461,60,
hi_n5000-61-s891640290c2917193.ukp,hi,5000,,,891640290,2917193,61,
hi_n5000-62-s131770940c1103941.ukp,hi,5000,,,131770940,1103941,62,
hi_n5000-63-s457237483c7925587.ukp,hi,5000,,,457237483,7925587,63,
hi_n5000-64-s878190975c931102.ukp,hi,5000,,,878190975,931102,64,
hi_n5000-65-s76284724c9880127.ukp,hi,5000,,,76284724,9880127,65,
hi_n5000-66-s751246846c7943163.ukp,hi,5000,,,751246846,7943163,66,
hi_n5000-67-s942314578c2539367.ukp,hi,5000,,,942314578,2539367,67,
hi_n5000-68-s591038534c6703953.ukp,hi,5000,,,591038534,6703953,68,
hi_n5000-69-s171832189c3462059.ukp,hi,5000,,,171832189,3462059,69,
hi_n5000-7-s586106970c7129097.ukp,hi,5000,,,586106970,7129097,7,
hi_n5000-70-s177962211c4242352.ukp,hi,5000,,,177962211,4242352,70,
hi_n5000-71-s191284186c8280366.ukp,hi,5000,,,191284186,8280366,71,
hi_n5000-72-s914558283c5876494.ukp,hi,5000,,,914558283,5876494,72,
hi_n5000-73-s36435194c2319116.ukp,hi,5000,,,36435194,2319116,73,
hi_n5000-74-s726744628c3821535.ukp,hi,5000,,,726744628,3821535,74,
hi_n5000-75-s377669997c4055087.ukp,hi,5000,,,377669997,4055087,75,
hi_n5000-76-s437409015c6610157.ukp,hi,5000,,,437409015,6610157,76,
hi_n5000-77-s736725116c3545314.ukp,hi,5000,,,736725116,3545314,77,
hi_n5000-78-s269229181c7070176.ukp,hi,5000,,,269229181,7070176,78,
hi_n5000-79-s642347878c4994228.ukp,hi,5000,,,642347878,4994228,79,
hi_n5000-8-s67683560c6701143.ukp,hi,5000,,,67683560,6701143,8,
hi_n5000-80-s10284050c4147712.ukp,hi,5000,,,10284050,4147712,80,
hi_n5000-81-s81032338c704800.ukp,hi,5000,,,81032338,704800,81,
hi_n5000-82-s7449337c5304125.ukp,hi,5000,,,7449337,5304125,82,
hi_n5000-83-s185217113c1296865.ukp,hi,5000,,,185217113,1296865,83,
hi_n5000-84-s379401505c6464625.ukp,hi,5000,,,379401505,6464625,84,
hi_n5000-85-s981659194c9041821.ukp,hi,5000,,,981659194,9041821,85,
hi_n5000-86-s5313477c399692.ukp,hi,5000,,,5313477,399692,86,
hi_n5000-87-s438663387c6663268.ukp,hi,5000,,,438663387,6663268,87,
hi_n5000-88-s292252175c5024217.ukp,hi,5000,,,292252175,5024217,88,
hi_n5000-89-s222856866c8534676.ukp,hi,5000,,,222856866,8534676,89,
hi_n5000-9-s915258292c5081854.ukp,hi,5000,,,915258292,5081854,9,
hi_n5000-90-s962238163c5649759.ukp,hi,5000,,,962238163,5649759,90,
hi_n5000-91-s580479505c8860854.ukp,hi,5000,,,580479505,8860854,91,
hi_n5000-92-s102695567c5662484.ukp,hi,5000,,,102695567,5662484,92,
hi_n5000-93-s727623794c9044620.ukp,hi,5000,,,727623794,9044620,93,
hi_n5000-94-s9656937c7900677.ukp,hi,5000,,,9656937,7900677,94,
hi_n5000-95-s155870397c5722358.ukp,hi,5000,,,155870397,5722358,95,
hi_n5000-96-s622778615c2325294.ukp,hi,5000,,,622778615,2325294,96,
hi_n5000-97-s932484623c7010023.ukp,hi,5000,,,932484623,7010023,97,
hi_n5000-98-s475574108c1604949.ukp,hi,5000,,,475574108,1604949,98,
hi_n5000-99-s190469618c4183453.ukp,hi,5000,,,190469618,4183453,99,
hi_n50000-0-s731232778c74736455.ukp,hi,50000,,,731232778,74736455,0,
hi_n50000-1-s594914841c53791268.ukp,hi,50000,,,594914841,53791268,1,
hi_n50000-10-s199607488c2381940.ukp,hi,50000,,,199607488,2381940,10,
hi_n50000-100-s707331854c71646670.ukp,hi,50000,,,707331854,71646670,100,
hi_n50000-101-s84621548c9644556.ukp,hi,50000,,,84621548,9644556,101,
hi_n50000-102-s172246721c73441712.ukp,hi,50000,,,172246721,73441712,102,
hi_n50000-103-s178264529c34351298.ukp,hi,50000,,,178264529,34351298,103,
hi_n50000-104-s327926759c28155703.ukp,hi,50000,,,327926759,28155703,104,
hi_n50000-105-s142189552c83569257.ukp,hi,50000,,,142189552,83569257,105,
hi_n50000-106-s848304836c36322248.ukp,hi,50000,,,848304836,36322248,106,
hi_n50000-107-s714494527c26148173.ukp,hi,50000,,,714494527,26148173,107,
hi_n50000-108-s95037918c46788992.ukp,hi,50000,,,95037918,46788992,108,
hi_n50000-109-s463136216c3173356.ukp,hi,50000,,,463136216,3173356,109,
hi_n50000-11-s895832870c37192439.ukp,hi,50000,,,895832870,37192439,11,
hi_n50000-110-s212281133c87353318.ukp,hi,50000,,,212281133,87353318,110,
hi_n50000-111-s586238258c33946088.ukp,hi,50000,,,586238258,33946088,111,
hi_n50000-112-s192471812c33227108.ukp,hi,50000,,,192471812,33227108,112,
hi_n50000-113-s992980497c64216379.ukp,hi,50000,,,992980497,64216379,113,
hi_n50000-114-s455861864c90874067.ukp,hi,50000,,,455861864,90874067,114,
hi_n50000-115-s379824190c42121290.ukp,hi,50000,,,379824190,42121290,115,
hi_n50000-116-s239745902c47800736.ukp,hi,50000,,,239745902,47800736,116,
hi_n50000-117-s248366140c46578165.ukp,hi,50000,,,248366140,46578165,117,
hi_n50000-118-s155606980c73399203.ukp,hi,50000,,,155606980,73399203,118,
hi_n50000-119-s735284445c40861026.ukp,hi,50000,,,735284445,40861026,119,
hi_n50000-12-s420935988c11457020.ukp,hi,50000,,,420935988,11457020,12,
hi_n50000-120-s942541845c77295751.ukp,hi,50000,,,942541845,77295751,120,
hi_n50000-121-s115898593c47557536.ukp,hi,50000,,,115898593,47557536,121,
hi_n50000-122-s353625363c21875231.ukp,hi,50000,,,353625363,21875231,122,
hi_n50000-123-s787365902c55621054.ukp,hi,50000,,,787365902,55621054,123,
hi_n50000-124-s393407547c28963618.ukp,hi,50000,,,393407547,28963618,124,
hi_n50000-125-s167176164c85145269.ukp,hi,50000,,,167176164,85145269,125,
hi_n50000-126-s916049162c72878727.ukp,hi,50000,,,916049162,72878727,126,
hi_n50000-127-s214618533c40342070.ukp,hi,50000,,,214618533,40342070,127,
hi_n50000-128-s358804843c85306004.ukp,hi,50000,,,358804843,85306004,128,
hi_n50000-129-s504746787c39775972.ukp,hi,50000,,,504746787,39775972,129,
hi_n50000-13-s204947608c65982738.ukp,hi,50000,,,204947608,65982738,13,
hi_n50000-130-s213005048c34171165.ukp,hi,50000,,,213005048,34171165,130,
hi_n50000-131-s871698101c49704463.ukp,hi,50000,,,871698101,49704463,131,
hi_n50000-132-s874105839c26042092.ukp,hi,50000,,,874105839,26042092,132,
hi_n50000-133-s569207249c35827064.ukp,hi,50000,,,569207249,35827064,133,
hi_n50000-134-s669547585c91937967.ukp,hi,50000,,,669547585,91937967,134,
hi_n50000-135-s851758828c45222185.ukp,hi,50000,,,851758828,45222185,135,
hi_n50000-136-s474992288c1988650.ukp,hi,50000,,,474992288,1988650,136,
hi_n50000-137-s784804938c32320297.ukp,hi,50000,,,784804938,32320297,137,
hi_n50000-138-s695516247c85626095.ukp,hi,50000,,,695516247,85626095,138,
hi_n50000-139-s853540834c33286195.ukp,hi,50000,,,853540834,33286195,139,
hi_n50000-14-s318339058c28750683.ukp,hi,50000,,,318339058,28750683,14,
hi_n50000-140-s158609986c12954038.ukp,hi,50000,,,158609986,12954038,140,
hi_n50000-141-s676413851c59711619.ukp,hi,50000,,,676413851,59711619,141,
hi_n50000-142-s445508302c91926696.ukp,hi,50000,,,445508302,91926696,142,
hi_n50000-143-s648685815c15965127.ukp,hi,50000,,,648685815,15965127,143,
hi_n50000-144-s886468679c46490384.ukp,hi,50000,,,886468679,46490384,144,
hi_n50000-145-s156741052c66258570.ukp,hi,50000,,,156741052,66258570,145,
hi_n50000-146-s691792251c62672863.ukp,hi,50000,,,691792251,62672863,146,
hi_n50000-147-s665348674c42100972.ukp,hi,50000,,,665348674,42100972,147,
hi_n50000-148-s158763026c13055270.ukp,hi,50000,,,158763026,13055270,148,
hi_n50000-149-s749672123c2735104.ukp,hi,50000,,,749672123,2735104,149,
hi_n50000-15-s750851024c5684250.ukp,hi,50000,,,750851024,5684250,15,
hi_n50000-150-s284805461c84465154.ukp,hi,50000,,,284805461,84465154,150,
hi_n50000-151-s718716699c45567939.ukp,hi,50000,,,718716699,45567939,151,
hi_n50000-152-s95933711c14312308.ukp,hi,50000,,,95933711,14312308,152,
hi_n50000-153-s212229957c85849648.ukp,hi,50000,,,212229957,85849648,153,
hi_n50000-154-s898053813c24693476.ukp,hi,50000,,,898053813,24693476,154,
hi_n50000-155-s228047780c63718488.ukp,hi,50000,,,228047780,63718488,155,
hi_n50000-156-s338119343c11854710.ukp,hi,50000,,,338119343,11854710,156,
hi_n50000-157-s491707671c21545065.ukp,hi,50000,,,491707671,21545065,157,
hi_n50000-158-s394447196c61622435.ukp,hi,50000,,,394447196,61622435,158,
hi_n50000-159-s889351749c11777490.ukp,hi,50000,,,889351749,11777490,159,
hi_n50000-16-s221755733c4342551.ukp,hi,50000,,,221755733,4342551,16,
hi_n50000-160-s795342803c38955764.ukp,hi,50000,,,795342803,38955764,160,
hi_n50000-161-s357785697c59886533.ukp,hi,50000,,,357785697,59886533,161,
hi_n50000-162-s993255606c28627351.ukp,hi,50000,,,993255606,28627351,162,
hi_n50000-163-s498052849c94732614.ukp,hi,50000,,,498052849,94732614,163,
hi_n50000-164-s976819494c6943341.ukp,hi,50000,,,976819494,6943341,164,
hi_n50000-165-s562005415c9509004.ukp,hi,50000,,,562005415,9509004,165,
hi_n50000-166-s986141003c59966167.ukp,hi,50000,,,986141003,59966167,166,
hi_n50000-167-s503963159c84856064.ukp,hi,50000,,,503963159,84856064,167,
hi_n50000-168-s568785642c73518041.ukp,hi,50000,,,568785642,73518041,168,
hi_n50000-169-s918500202c75866728.ukp,hi,50000,,,918500202,75866728,169,
hi_n50000-17-s994385767c38562037.ukp,hi,50000,,,994385767,38562037,17,
hi_n50000-170-s865173399c43620066.ukp,hi,50000,,,865173399,43620066,170,
hi_n50000-171-s982002864c46596229.ukp,hi,50000,,,982002864,46596229,171,
hi_n50000-172-s332240810c97157472.ukp,hi,50000,,,332240810,97157472,172,
hi_n50000-173-s898334592c99997134.ukp,hi,50000,,,898334592,99997134,173,
hi_n50000-174-s902437174c52800283.ukp,hi,50000,,,902437174,52800283,174,
hi_n50000-175-s690859146c87942205.ukp,hi,50000,,,690859146,87942205,175,
hi_n50000-176-s749117416c37108800.ukp,hi,50000,,,749117416,37108800,176,
hi_n50000-177-s12157337c76239580.ukp,hi,50000,,,12157337,76239580,177,
hi_n50000-178-s399402953c94827254.ukp,hi,50000,,,399402953,94827254,178,
hi_n50000-179-s512244761c5561353.ukp,hi,50000,,,512244761,5561353,179,
hi_n50000-18-s575639252c15725846.ukp,hi,50000,,,575639252,15725846,18,
hi_n50000-180-s497842916c87349171.ukp,hi,50000,,,497842916,87349171,180,
hi_n50000-181-s597147704c81684592.ukp,hi,50000,,,597147704,81684592,181,
hi_n50000-182-s551254315c80728327.ukp,hi,50000,,,551254315,80728327,182,
hi_n50000-183-s334933134c34224451.ukp,hi,50000,,,334933134,34224451,183,
hi_n50000-184-s675142562c55069219.ukp,hi,50000,,,675142562,55069219,184,
hi_n50000-185-s594945988c48159588.ukp,hi,50000,,,594945988,48159588,185,
hi_n50000-186-s781864574c90250596.ukp,hi,50000,,,781864574,90250596,186,
hi_n50000-187-s665806388c76849630.ukp,hi,50000,,,665806388,76849630,187,
hi_n50000-188-s679641345c10150992.ukp,hi,50000,,,679641345,10150992,188,
hi_n50000-189-s759786854c2370775.ukp,hi,50000,,,759786854,2370775,189,
hi_n50000-19-s808826180c41622293.ukp,hi,50000,,,808826180,41622293,19,
hi_n50000-190-s709804088c85469516.ukp,hi,50000,,,709804088,85469516,190,
hi_n50000-191-s436160055c83114302.ukp,hi,50000,,,436160055,83114302,191,
hi_n50000-192-s571431776c78890623.ukp,hi,50000,,,571431776,78890623,192,
hi_n50000-193-s98451920c5848305.ukp,hi,50000,,,98451920,5848305,193,
hi_n50000-194-s589607845c50864837.ukp,hi,50000,,,589607845,50864837,194,
hi_n50000-195-s468077220c28356806.ukp,hi,50000,,,468077220,28356806,195,
hi_n50000-196-s623091554c99932916.ukp,hi,50000,,,623091554,99932916,196,
hi_n50000-197-s733451078c78009484.ukp,hi,50000,,,733451078,78009484,197,
hi_n50000-198-s358578213c58517006.ukp,hi,50000,,,358578213,58517006,198,
hi_n50000-199-s702592739c22012757.ukp,hi,50000,,,702592739,22012757,199,
hi_n50000-2-s324673955c50146896.ukp,hi,50000,,,324673955,50146896,2,
hi_n50000-20-s742053853c54992286.ukp,hi,50000,,,742053853,54992286,20,
hi_n50000-200-s244653983c6256825.ukp,hi,50000,,,244653983,6256825,200,
hi_n50000-201-s562427866c19384666.ukp,hi,50000,,,562427866,19384666,201,
hi_n50000-202-s856354096c95211147.ukp,hi,50000,,,856354096,95211147,202,
hi_n50000-203-s203350890c12345348.ukp,hi,50000,,,203350890,12345348,203,
hi_n50000-204-s185719001c20199167.ukp,hi,50000,,,185719001,20199167,204,
hi_n50000-205-s455315464c85606132.ukp,hi,50000,,,455315464,85606132,205,
hi_n50000-206-s331409890c47586775.ukp,hi,50000,,,331409890,47586775,206,
hi_n50000-207-s396803529c2371539.ukp,hi,50000,,,396803529,2371539,207,
hi_n50000-208-s397415542c70223585.ukp,hi,50000,,,397415542,70223585,208,
hi_n50000-209-s933939819c73029890.ukp,hi,50000,,,933939819,73029890,209,
hi_n50000-21-s669712253c19149666.ukp,hi,50000,,,669712253,19149666,21,
hi_n50000-210-s809677775c37983366.ukp,hi,50000,,,809677775,37983366,210,
hi_n50000-211-s796012404c26349126.ukp,hi,50000,,,796012404,26349126,211,
hi_n50000-212-s630649375c76128856.ukp,hi,50000,,,630649375,76128856,212,
hi_n50000-213-s713186253c96590462.ukp,hi,50000,,,713186253,96590462,213,
hi_n50000-214-s232256585c84871339.ukp,hi,50000,,,232256585,84871339,214,
hi_n50000-215-s375173258c32154675.ukp,hi,50000,,,375173258,32154675,215,
hi_n50000-216-s79856705c15275720.ukp,hi,50000,,,79856705,15275720,216,
hi_n50000-217-s620046486c83661615.ukp,hi,50000,,,620046486,83661615,217,
hi_n50000-218-s237779488c14029395.ukp,hi,50000,,,237779488,14029395,218,
hi_n50000-219-s637974412c15951790.ukp,hi,50000,,,637974412,15951790,219,
hi_n50000-22-s434860255c25572452.ukp,hi,50000,,,434860255,25572452,22,
hi_n50000-220-s32041991c15481608.ukp,hi,50000,,,32041991,15481608,220,
hi_n50000-221-s125393811c63469158.ukp,hi,50000,,,125393811,63469158,221,
hi_n50000-222-s128158014c5803211.ukp,hi,50000,,,128158014,5803211,222,
hi_n50000-223-s303164619c7508433.ukp,hi,50000,,,303164619,7508433,223,
hi_n50000-224-s233995869c73264621.ukp,hi,50000,,,233995869,73264621,224,
hi_n50000-225-s266680480c19008312.ukp,hi,50000,,,266680480,19008312,225,
hi_n50000-226-s143998406c97558332.ukp,hi,50000,,,143998406,97558332,226,
hi_n50000-227-s792636241c25164160.ukp,hi,50000,,,792636241,25164160,227,
hi_n50000-228-s461982901c52092738.ukp,hi,50000,,,461982901,52092738,228,
hi_n50000-229-s430465835c54282542.ukp,hi,50000,,,430465835,54282542,229,
hi_n50000-23-s605460062c35373194.ukp,hi,50000,,,605460062,35373194,23,
hi_n50000-230-s927753013c92914493.ukp,hi,50000,,,927753013,92914493,230,
hi_n50000-231-s687055819c69028392.ukp,hi,50000,,,687055819,69028392,231,
hi_n50000-232-s640375662c37675694.ukp,hi,50000,,,640375662,37675694,232,
hi_n50000-233-s814183802c20999642.ukp,hi,50000,,,814183802,20999642,233,
hi_n50000-234-s363583529c37027466.ukp,hi,50000,,,363583529,37027466,234,
hi_n50000-235-s8562352c94185085.ukp,hi,50000,,,8562352,94185085,235,
hi_n50000-236-s152942261c91365489.ukp,hi,50000,,,152942261,91365489,236,
hi_n50000-237-s301795704c51695617.ukp,hi,50000,,,301795704,51695617,237,
hi_n50000-238-s123616711c74357523.ukp,hi,50000,,,123616711,74357523,238,
hi_n50000-239-s462789496c14098896.ukp,hi,50000,,,462789496,14098896,239,
hi_n50000-24-s320356631c94209554.ukp,hi,50000,,,320356631,94209554,24,
hi_n50000-240-s213174395c25906798.ukp,hi,50000,,,213174395,25906798,240,
hi_n50000-241-s805600152c65004251.ukp,hi,50000,,,805600152,65004251,241,
hi_n50000-242-s149558978c3114824.ukp,hi,50000,,,149558978,3114824,242,
hi_n50000-243-s325290391c56431537.ukp,hi,50000,,,325290391,56431537,243,
hi_n50000-244-s892829231c69880208.ukp,hi,50000,,,892829231,69880208,244,
hi_n50000-245-s40353095c63461056.ukp,hi,50000,,,40353095,63461056,245,
hi_n50000-246-s368872582c45582554.ukp,hi,50000,,,368872582,45582554,246,
hi_n50000-247-s9199696c77372040.ukp,hi,50000,,,9199696,77372040,247,
hi_n50000-248-s569030747c2551248.ukp,hi,50000,,,569030747,2551248,248,
hi_n50000-249-s552268100c50623986.ukp,hi,50000,,,552268100,50623986,249,
hi_n50000-25-s199811851c19155432.ukp,hi,50000,,,199811851,19155432,25,
hi_n50000-250-s173859084c60468039.ukp,hi,50000,,,173859084,60468039,250,
hi_n50000-251-s268449167c77349319.ukp,hi,50000,,,268449167,77349319,251,
hi_n50000-252-s51132700c24975539.ukp,hi,50000,,,51132700,24975539,252,
hi_n50000-253-s43310200c40362067.ukp,hi,50000,,,43310200,40362067,253,
hi_n50000-254-s432746252c99188385.ukp,hi,50000,,,432746252,99188385,254,
hi_n50000-255-s379254110c6197212.ukp,hi,50000,,,379254110,6197212,255,
hi_n50000-256-s142613265c19925659.ukp,hi,50000,,,142613265,19925659,256,
hi_n50000-257-s340363402c16464549.ukp,hi,50000,,,340363402,16464549,257,
hi_n50000-258-s229317703c52113577.ukp,hi,50000,,,229317703,52113577,258,
hi_n50000-259-s941705476c39587651.ukp,hi,50000,,,941705476,39587651,259,
hi_n50000-26-s90924128c31212485.ukp,hi,50000,,,90924128,31212485,26,
hi_n50000-260-s659470201c73153081.ukp,hi,50000,,,659470201,73153081,260,
hi_n50000-261-s966708025c47095118.ukp,hi,50000,,,966708025,47095118,261,
hi_n50000-262-s792039649c74859565.ukp,hi,50000,,,792039649,74859565,262,
hi_n50000-263-s825928988c88244106.ukp,hi,50000,,,825928988,88244106,263,
hi_n50000-264-s956618993c29968997.ukp,hi,50000,,,956618993,29968997,264,
hi_n50000-265-s343126569c63936272.ukp,hi,50000,,,343126569,63936272,265,
hi_n50000-266-s358801221c61750732.ukp,hi,50000,,,358801221,61750732,266,
hi_n50000-267-s837911274c51264571.ukp,hi,50000,,,837911274,51264571,267,
hi_n50000-268-s530664442c82026274.ukp,hi,50000,,,530664442,82026274,268,
hi_n50000-269-s132278514c71739734.ukp,hi,50000,,,132278514,71739734,269,
hi_n50000-27-s532584774c87763824.ukp,hi,50000,,,532584774,87763824,27,
hi_n50000-270-s130765173c45496672.ukp,hi,50000,,,130765173,45496672,270,
hi_n50000-271-s506311923c33325504.ukp,hi,50000,,,506311923,33325504,271,
hi_n50000-272-s876785217c29937925.ukp,hi,50000,,,876785217,29937925,272,
hi_n50000-273-s618044498c57927334.ukp,hi,50000,,,618044498,57927334,273,
hi_n50000-274-s478569737c39371843.ukp,hi,50000,,,478569737,39371843,274,
hi_n50000-275-s720039518c6455721.ukp,hi,50000,,,720039518,6455721,275,
hi_n50000-276-s989609714c86520137.ukp,hi,50000,,,989609714,86520137,276,
hi_n50000-277-s289188356c60494327.ukp,hi,50000,,,289188356,60494327,277,
hi_n50000-278-s818372142c30786873.ukp,hi,50000,,,818372142,30786873,278,
hi_n50000-279-s183931098c83529215.ukp,hi,50000,,,183931098,83529215,279,
hi_n50000-28-s882501307c87480129.ukp,hi,50000,,,882501307,87480129,28,
hi_n50000-280-s813425575c87498669.ukp,hi,50000,,,813425575,87498669,280,
hi_n50000-281-s125668799c70887075.ukp,hi,50000,,,125668799,70887075,281,
hi_n50000-282-s85427437c15566859.ukp,hi,50000,,,85427437,15566859,282,
hi_n50000-283-s491803659c74512220.ukp,hi,50000,,,491803659,74512220,283,
hi_n50000-284-s921541777c44719849.ukp,hi,50000,,,921541777,44719849,284,
hi_n50000-285-s913104367c51798520.ukp,hi,50000,,,913104367,51798520,285,
hi_n50000-286-s54059702c31366487.ukp,hi,50000,,,54059702,31366487,286,
hi_n50000-287-s15834020c90549517.ukp,hi,50000,,,15834020,90549517,287,
hi_n50000-288-s543662160c35112083.ukp,hi,50000,,,543662160,35112083,288,
hi_n50000-289-s682002986c15956194.ukp,hi,50000,,,682002986,15956194,289,
hi_n50000-29-s443600954c83030003.ukp,hi,50000,,,443600954,83030003,29,
hi_n50000-290-s611057533c18584022.ukp,hi,50000,,,611057533,18584022,290,
hi_n50000-291-s244607098c22516024.ukp,hi,50000,,,244607098,22516024,291,
hi_n50000-292-s931912657c58222428.ukp,hi,50000,,,931912657,58222428,292,
hi_n50000-293-s510834339c89962425.ukp,hi,50000,,,510834339,89962425,293,
hi_n50000-294-s171630872c95832073.ukp,hi,50000,,,171630872,95832073,294,
hi_n50000-295-s64565003c28053698.ukp,hi,50000,,,64565003,28053698,295,
hi_n50000-296-s756653619c97188943.ukp,hi,50000,,,756653619,97188943,296,
hi_n50000-297-s125514086c46374074.ukp,hi,50000,,,125514086,46374074,297,
hi_n50000-298-s521709984c21391072.ukp,hi,50000,,,521709984,21391072,298,
hi_n50000-299-s168042333c4827164.ukp,hi,50000,,,168042333,4827164,299,
hi_n50000-3-s300958364c58496380.ukp,hi,50000,,,300958364,58496380,3,
hi_n50000-30-s418727292c90211289.ukp,hi,50000,,,418727292,90211289,30,
hi_n50000-300-s726001211c19899175.ukp,hi,50000,,,726001211,19899175,300,
hi_n50000-301-s777137311c31099542.ukp,hi,50000,,,777137311,31099542,301,
hi_n50000-302-s730277963c32571531.ukp,hi,50000,,,730277963,32571531,302,
hi_n50000-303-s574476872c31483130.ukp,hi,50000,,,574476872,31483130,303,
hi_n50000-304-s227337887c21107341.ukp,hi,50000,,,227337887,21107341,304,
hi_n50000-305-s338216231c96125477.ukp,hi,50000,,,338216231,96125477,305,
hi_n50000-306-s91067200c32806790.ukp,hi,50000,,,91067200,32806790,306,
hi_n50000-307-s896730166c79790161.ukp,hi,50000,,,896730166,79790161,307,
hi_n50000-308-s432774422c31934220.ukp,hi,50000,,,432774422,31934220,308,
hi_n50000-309-s479378978c46654758.ukp,hi,50000,,,479378978,46654758,309,
hi_n50000-31-s410031365c5184644.ukp,hi,50000,,,410031365,5184644,31,
hi_n50000-310-s688536648c79208336.ukp,hi,50000,,,688536648,79208336,310,
hi_n50000-311-s159071442c63747180.ukp,hi,50000,,,159071442,63747180,311,
hi_n50000-312-s329959058c54348724.ukp,hi,50000,,,329959058,54348724,312,
hi_n50000-313-s913802786c82284801.ukp,hi,50000,,,913802786,82284801,313,
hi_n50000-314-s773924804c82335164.ukp,hi,50000,,,773924804,82335164,314,
hi_n50000-315-s741879402c31076287.ukp,hi,50000,,,741879402,31076287,315,
hi_n50000-316-s734079079c50356763.ukp,hi,50000,,,734079079,50356763,316,
hi_n50000-317-s612149826c23661677.ukp,hi,50000,,,612149826,23661677,317,
hi_n50000-318-s72714954c6926528.ukp,hi,50000,,,72714954,6926528,318,
hi_n50000-319-s803803347c62938855.ukp,hi,50000,,,803803347,62938855,319,
hi_n50000-32-s674362184c38630208.ukp,hi,50000,,,674362184,38630208,32,
hi_n50000-320-s851423352c12502616.ukp,hi,50000,,,851423352,12502616,320,
hi_n50000-321-s137237919c70941477.ukp,hi,50000,,,137237919,70941477,321,
hi_n50000-322-s528686676c21391264.ukp,hi,50000,,,528686676,21391264,322,
hi_n50000-323-s526816235c59239811.ukp,hi,50000,,,526816235,59239811,323,
hi_n50000-324-s999192827c78912298.ukp,hi,50000,,,999192827,78912298,324,
hi_n50000-325-s180680115c86974018.ukp,hi,50000,,,180680115,86974018,325,
hi_n50000-326-s90048873c72456682.ukp,hi,50000,,,90048873,72456682,326,
hi_n50000-327-s730437088c22654111.ukp,hi,50000,,,730437088,22654111,327,
hi_n50000-328-s545189497c82889175.ukp,hi,50000,,,545189497,82889175,328,
hi_n50000-329-s620558410c53846997.ukp,hi,50000,,,620558410,53846997,329,
hi_n50000-33-s126192256c89138604.ukp,hi,50000,,,126192256,89138604,33,
hi_n50000-330-s16136692c9887500.ukp,hi,50000,,,16136692,9887500,330,
hi_n50000-331-s363501936c13060366.ukp,hi,50000,,,363501936,13060366,331,
hi_n50000-332-s829921210c61825724.ukp,hi,50000,,,829921210,61825724,332,
hi_n50000-333-s435115918c34084722.ukp,hi,50000,,,435115918,34084722,333,
hi_n50000-334-s798298455c97647555.ukp,hi,50000,,,798298455,97647555,334,
hi_n50000-335-s935632244c89102322.ukp,hi,50000,,,935632244,89102322,335,
hi_n50000-336-s118607476c86949385.ukp,hi,50000,,,118607476,86949385,336,
hi_n50000-337-s789959996c21416369.ukp,hi,50000,,,789959996,21416369,337,
hi_n50000-338-s684896905c74627295.ukp,hi,50000,,,684896905,74627295,338,
hi_n50000-339-s390142488c70266461.ukp,hi,50000,,,390142488,70266461,339,
hi_n50000-34-s467641010c41676479.ukp,hi,50000,,,467641010,41676479,34,
hi_n50000-340-s85004012c30037614.ukp,hi,50000,,,85004012,30037614,340,
hi_n50000-341-s373038940c10155778.ukp,hi,50000,,,373038940,10155778,341,
hi_n50000-342-s644582044c8748032.ukp,hi,50000,,,644582044,8748032,342,
hi_n50000-343-s730267981c83744303.ukp,hi,50000,,,730267981,83744303,343,
hi_n50000-344-s224170978c21078474.ukp,hi,50000,,,224170978,21078474,344,
hi_n50000-345-s245844219c26367984.ukp,hi,50000,,,245844219,26367984,345,
hi_n50000-346-s729743919c50360706.ukp,hi,50000,,,729743919,50360706,346,
hi_n50000-347-s802152580c49494774.ukp,hi,50000,,,802152580,49494774,347,
hi_n50000-348-s97045152c39735629.ukp,hi,50000,,,97045152,39735629,348,
hi_n50000-349-s206981756c94221710.ukp,hi,50000,,,206981756,94221710,349,
hi_n50000-35-s889293313c39186005.ukp,hi,50000,,,889293313,39186005,35,
hi_n50000-350-s285463174c7307565.ukp,hi,50000,,,285463174,7307565,350,
hi_n50000-351-s225507421c11679823.ukp,hi,50000,,,225507421,11679823,351,
hi_n50000-352-s118454554c43920202.ukp,hi,50000,,,118454554,43920202,352,
hi_n50000-353-s834407151c77930219.ukp,hi,50000,,,834407151,77930219,353,
hi_n50000-354-s208448807c7434740.ukp,hi,50000,,,208448807,7434740,354,
hi_n50000-355-s441143757c70429389.ukp,hi,50000,,,441143757,70429389,355,
hi_n50000-356-s383859101c47818384.ukp,hi,50000,,,383859101,47818384,356,
hi_n50000-357-s78596203c11990004.ukp,hi,50000,,,78596203,11990004,357,
hi_n50000-358-s166672639c87674129.ukp,hi,50000,,,166672639,87674129,358,
hi_n50000-359-s46944898c9241120.ukp,hi,50000,,,46944898,9241120,359,
hi_n50000-36-s442208726c8269526.ukp,hi,50000,,,442208726,8269526,36,
hi_n50000-360-s920056164c59562386.ukp,hi,50000,,,920056164,59562386,360,
hi_n50000-361-s10177486c40433107.ukp,hi,50000,,,10177486,40433107,361,
hi_n50000-362-s659945289c97447755.ukp,hi,50000,,,659945289,97447755,362,
hi_n50000-363-s183358641c28110804.ukp,hi,50000,,,183358641,28110804,363,
hi_n50000-364-s195387934c26090204.ukp,hi,50000,,,195387934,26090204,364,
hi_n50000-365-s77820708c40638026.ukp,hi,50000,,,77820708,40638026,365,
hi_n50000-366-s904341899c49655841.ukp,hi,50000,,,904341899,49655841,366,
hi_n50000-367-s114859999c29324973.ukp,hi,50000,,,114859999,29324973,367,
hi_n50000-368-s169616393c5679530.ukp,hi,50000,,,169616393,5679530,368,
hi_n50000-369-s235930013c86150538.ukp,hi,50000,,,235930013,86150538,369,
hi_n50000-37-s252959003c57280825.ukp,hi,50000,,,252959003,57280825,37,
hi_n50000-370-s659803863c44269350.ukp,hi,50000,,,659803863,44269350,370,
hi_n50000-371-s888531767c41940959.ukp,hi,50000,,,888531767,41940959,371,
hi_n50000-372-s726307672c56732105.ukp,hi,50000,,,726307672,56732105,372,
hi_n50000-373-s997278557c17075585.ukp,hi,50000,,,997278557,17075585,373,
hi_n50000-374-s890735735c57677488.ukp,hi,50000,,,890735735,57677488,374,
hi_n50000-375-s134917378c97440430.ukp,hi,50000,,,134917378,97440430,375,
hi_n50000-376-s224319647c24435140.ukp,hi,50000,,,224319647,24435140,376,
hi_n50000-377-s657896393c27064914.ukp,hi,50000,,,657896393,27064914,377,
hi_n50000-378-s578113070c3868694.ukp,hi,50000,,,578113070,3868694,378,
hi_n50000-379-s289613875c48565799.ukp,hi,50000,,,289613875,48565799,379,
hi_n50000-38-s527753500c81942907.ukp,hi,50000,,,527753500,81942907,38,
hi_n50000-380-s360265767c89078114.ukp,hi,50000,,,360265767,89078114,380,
hi_n50000-381-s349395051c54997611.ukp,hi,50000,,,349395051,54997611,381,
hi_n50000-382-s662703693c55446700.ukp,hi,50000,,,662703693,55446700,382,
hi_n50000-383-s91594350c64472124.ukp,hi,50000,,,91594350,64472124,383,
hi_n50000-384-s313927832c96669073.ukp,hi,50000,,,313927832,96669073,384,
hi_n50000-385-s985161383c79427278.ukp,hi,50000,,,985161383,79427278,385,
hi_n50000-386-s363374108c86824683.ukp,hi,50000,,,363374108,86824683,386,
hi_n50000-387-s447645624c82967885.ukp,hi,50000,,,447645624,82967885,387,
hi_n50000-388-s725950929c94667685.ukp,hi,50000,,,725950929,94667685,388,
hi_n50000-389-s863176603c84665482.ukp,hi,50000,,,863176603,84665482,389,
hi_n50000-39-s713413380c36882487.ukp,hi,50000,,,713413380,36882487,39,
hi_n50000-390-s344204701c65139496.ukp,hi,50000,,,344204701,65139496,390,
hi_n50000-391-s356074706c76168547.ukp,hi,50000,,,356074706,76168547,391,
hi_n50000-392-s927015049c78194388.ukp,hi,50000,,,927015049,78194388,392,
hi_n50000-393-s52174714c17571881.ukp,hi,50000,,,52174714,17571881,393,
hi_n50000-394-s78094432c59965920.ukp,hi,50000,,,78094432,59965920,394,
hi_n50000-395-s697826265c85342653.ukp,hi,50000,,,697826265,85342653,395,
hi_n50000-396-s685946136c46567863.ukp,hi,50000,,,685946136,46567863,396,
hi_n50000-397-s29049563c28134908.ukp,hi,50000,,,29049563,28134908,397,
hi_n50000-398-s133251444c14088953.ukp,hi,50000,,,133251444,14088953,398,
hi_n50000-399-s19578528c87157707.ukp,hi,50000,,,19578528,87157707,399,
hi_n50000-4-s182130978c27011999.ukp,hi,50000,,,182130978,27011999,4,
hi_n50000-40-s534548386c55171512.ukp,hi,50000,,,534548386,55171512,40,
hi_n50000-400-s527938850c9876806.ukp,hi,50000,,,527938850,9876806,400,
hi_n50000-401-s949050623c35519583.ukp,hi,50000,,,949050623,35519583,401,
hi_n50000-402-s577881003c94122816.ukp,hi,50000,,,577881003,94122816,402,
hi_n50000-403-s421267430c57714109.ukp,hi,50000,,,421267430,57714109,403,
hi_n50000-404-s698153803c16956627.ukp,hi,50000,,,698153803,16956627,404,
hi_n50000-405-s986435278c81003433.ukp,hi,50000,,,986435278,81003433,405,
hi_n50000-406-s651738470c47335105.ukp,hi,50000,,,651738470,47335105,406,
hi_n50000-407-s115684993c98329081.ukp,hi,50000,,,115684993,98329081,407,
hi_n50000-408-s231573541c51948557.ukp,hi,50000,,,231573541,51948557,408,
hi_n50000-409-s240120430c24534858.ukp,hi,50000,,,240120430,24534858,409,
hi_n50000-41-s262685617c62864809.ukp,hi,50000,,,262685617,62864809,41,
hi_n50000-410-s550957023c17445009.ukp,hi,50000,,,550957023,17445009,410,
hi_n50000-411-s191359717c37814978.ukp,hi,50000,,,191359717,37814978,411,
hi_n50000-412-s395191829c75759463.ukp,hi,50000,,,395191829,75759463,412,
hi_n50000-413-s241841235c44116573.ukp,hi,50000,,,241841235,44116573,413,
hi_n50000-414-s173350832c84140267.ukp,hi,50000,,,173350832,84140267,414,
hi_n50000-415-s308291223c93878694.ukp,hi,50000,,,308291223,93878694,415,
hi_n50000-416-s106334440c67312155.ukp,hi,50000,,,106334440,67312155,416,
hi_n50000-417-s920986475c25398079.ukp,hi,50000,,,920986475,25398079,417,
hi_n50000-418-s727403291c12535833.ukp,hi,50000,,,727403291,12535833,418,
hi_n50000-419-s384707603c33310968.ukp,hi,50000,,,384707603,33310968,419,
hi_n50000-42-s261146317c27074738.ukp,hi,50000,,,261146317,27074738,42,
hi_n50000-420-s530564065c2493304.ukp,hi,50000,,,530564065,2493304,420,
hi_n50000-421-s589477672c5284055.ukp,hi,50000,,,589477672,5284055,421,
hi_n50000-422-s205756437c43381825.ukp,hi,50000,,,205756437,43381825,422,
hi_n50000-423-s268622270c85597685.ukp,hi,50000,,,268622270,85597685,423,
hi_n50000-424-s79166218c64416589.ukp,hi,50000,,,79166218,64416589,424,
hi_n50000-425-s203306834c48035418.ukp,hi,50000,,,203306834,48035418,425,
hi_n50000-426-s425004306c1296483.ukp,hi,50000,,,425004306,1296483,426,
hi_n50000-427-s692094263c43734727.ukp,hi,50000,,,692094263,43734727,427,
hi_n50000-428-s111763732c21172030.ukp,hi,50000,,,111763732,21172030,428,
hi_n50000-429-s286513221c95414099.ukp,hi,50000,,,286513221,95414099,429,
hi_n50000-43-s325989053c20206604.ukp,hi,50000,,,325989053,20206604,43,
hi_n50000-430-s453065461c86280682.ukp,hi,50000,,,453065461,86280682,430,
hi_n50000-431-s624559068c58022892.ukp,hi,50000,,,624559068,58022892,431,
hi_n50000-432-s174617445c3384996.ukp,hi,50000,,,174617445,3384996,432,
hi_n50000-433-s687201656c62876015.ukp,hi,50000,,,687201656,62876015,433,
hi_n50000-434-s344071035c25018429.ukp,hi,50000,,,344071035,25018429,434,
hi_n50000-435-s151468172c28003602.ukp,hi,50000,,,151468172,28003602,435,
hi_n50000-436-s442513933c43073048.ukp,hi,50000,,,442513933,43073048,436,
hi_n50000-437-s238429703c64992510.ukp,hi,50000,,,238429703,64992510,437,
hi_n50000-438-s781201605c15946180.ukp,hi,50000,,,781201605,15946180,438,
hi_n50000-439-s137305354c7090197.ukp,hi,50000,,,137305354,7090197,439,
hi_n50000-44-s539788685c74810341.ukp,hi,50000,,,539788685,74810341,44,
hi_n50000-440-s102994897c16560005.ukp,hi,50000,,,102994897,16560005,440,
hi_n50000-441-s603869953c68230375.ukp,hi,50000,,,603869953,68230375,441,
hi_n50000-442-s242289138c97477572.ukp,hi,50000,,,242289138,97477572,442,
hi_n50000-443-s513173851c38926787.ukp,hi,50000,,,513173851,38926787,443,
hi_n50000-444-s540209456c80548789.ukp,hi,50000,,,540209456,80548789,444,
hi_n50000-445-s120106892c44900743.ukp,hi,50000,,,120106892,44900743,445,
hi_n50000-446-s852721236c88464721.ukp,hi,50000,,,852721236,88464721,446,
hi_n50000-447-s108509831c99780015.ukp,hi,50000,,,108509831,99780015,447,
hi_n50000-448-s566177757c23608673.ukp,hi,50000,,,566177757,23608673,448,
hi_n50000-449-s911451083c71669205.ukp,hi,50000,,,911451083,71669205,449,
hi_n50000-45-s19378828c59507496.ukp,hi,50000,,,19378828,59507496,45,
hi_n50000-450-s723629950c74304113.ukp,hi,50000,,,723629950,74304113,450,
hi_n50000-451-s72680581c91435039.ukp,hi,50000,,,72680581,91435039,451,
hi_n50000-452-s139986500c45426308.ukp,hi,50000,,,139986500,45426308,452,
hi_n50000-453-s622472121c53180300.ukp,hi,50000,,,622472121,53180300,453,
hi_n50000-454-s764661701c33108959.ukp,hi,50000,,,764661701,33108959,454,
hi_n50000-455-s984814964c38451209.ukp,hi,50000,,,984814964,38451209,455,
hi_n50000-456-s291807947c32504934.ukp,hi,50000,,,291807947,32504934,456,
hi_n50000-457-s896083696c6434790.ukp,hi,50000,,,896083696,6434790,457,
hi_n50000-458-s100358347c70573906.ukp,hi,50000,,,100358347,70573906,458,
hi_n50000-459-s591626342c53762094.ukp,hi,50000,,,591626342,53762094,459,
hi_n50000-46-s956143877c64815374.ukp,hi,50000,,,956143877,64815374,46,
hi_n50000-460-s251685855c2664634.ukp,hi,50000,,,251685855,2664634,460,
hi_n50000-461-s386597034c11959906.ukp,hi,50000,,,386597034,11959906,461,
hi_n50000-462-s10096367c31366898.ukp,hi,50000,,,10096367,31366898,462,
hi_n50000-463-s578849134c72200331.ukp,hi,50000,,,578849134,72200331,463,
hi_n50000-464-s504944976c11386531.ukp,hi,50000,,,504944976,11386531,464,
hi_n50000-465-s346438026c45187085.ukp,hi,50000,,,346438026,45187085,465,
hi_n50000-466-s494524491c15902727.ukp,hi,50000,,,494524491,15902727,466,
hi_n50000-467-s647172791c56125515.ukp,hi,50000,,,647172791,56125515,467,
hi_n50000-468-s683894430c69190893.ukp,hi,50000,,,683894430,69190893,468,
hi_n50000-469-s160863513c93196404.ukp,hi,50000,,,160863513,93196404,469,
hi_n50000-47-s442730424c21809652.ukp,hi,50000,,,442730424,21809652,47,
hi_n50000-470-s217303292c11560973.ukp,hi,50000,,,217303292,11560973,470,
hi_n50000-471-s350731266c62521531.ukp,hi,50000,,,350731266,62521531,471,
hi_n50000-472-s359051883c1821853.ukp,hi,50000,,,359051883,1821853,472,
hi_n50000-473-s368525918c18276686.ukp,hi,50000,,,368525918,18276686,473,
hi_n50000-474-s971450924c94225029.ukp,hi,50000,,,971450924,94225029,474,
hi_n50000-475-s686216765c54678209.ukp,hi,50000,,,686216765,54678209,475,
hi_n50000-476-s473841069c45030394.ukp,hi,50000,,,473841069,45030394,476,
hi_n50000-477-s213205243c1955938.ukp,hi,50000,,,213205243,1955938,477,
hi_n50000-478-s955986354c86025236.ukp,hi,50000,,,955986354,86025236,478,
hi_n50000-479-s832284478c49632885.ukp,hi,50000,,,832284478,49632885,479,
hi_n50000-48-s888315654c8772196.ukp,hi,50000,,,888315654,8772196,48,
hi_n50000-480-s818213356c15122955.ukp,hi,50000,,,818213356,15122955,480,
hi_n50000-481-s321777396c92190284.ukp,hi,50000,,,321777396,92190284,481,
hi_n50000-482-s544590797c97264876.ukp,hi,50000,,,544590797,97264876,482,
hi_n50000-483-s788052237c21187018.ukp,hi,50000,,,788052237,21187018,483,
hi_n50000-484-s162391755c98234239.ukp,hi,50000,,,162391755,98234239,484,
hi_n50000-485-s939900702c95543962.ukp,hi,50000,,,939900702,95543962,485,
hi_n50000-486-s133188677c83522026.ukp,hi,50000,,,133188677,83522026,486,
hi_n50000-487-s184991892c19845768.ukp,hi,50000,,,184991892,19845768,487,
hi_n50000-488-s729971223c85500707.ukp,hi,50000,,,729971223,85500707,488,
hi_n50000-489-s536731580c31432216.ukp,hi,50000,,,536731580,31432216,489,
hi_n50000-49-s147981886c93577815.ukp,hi,50000,,,147981886,93577815,49,
hi_n50000-490-s229998815c96979810.ukp,hi,50000,,,229998815,96979810,490,
hi_n50000-491-s993158591c79810092.ukp,hi,50000,,,993158591,79810092,491,
hi_n50000-492-s733097480c33147568.ukp,hi,50000,,,733097480,33147568,492,
hi_n50000-493-s704476488c30437174.ukp,hi,50000,,,704476488,30437174,493,
hi_n50000-494-s629839208c86657759.ukp,hi,50000,,,629839208,86657759,494,
hi_n50000-495-s159240154c51587535.ukp,hi,50000,,,159240154,51587535,495,
hi_n50000-496-s380744672c97137681.ukp,hi,50000,,,380744672,97137681,496,
hi_n50000-497-s825468163c4085935.ukp,hi,50000,,,825468163,4085935,497,
hi_n50000-498-s909110308c71245345.ukp,hi,50000,,,909110308,71245345,498,
hi_n50000-499-s861354474c5880065.ukp,hi,50000,,,861354474,5880065,499,
hi_n50000-5-s554525798c52985829.ukp,hi,50000,,,554525798,52985829,5,
hi_n50000-50-s814994716c46209855.ukp,hi,50000,,,814994716,46209855,50,
hi_n50000-51-s857022904c40364203.ukp,hi,50000,,,857022904,40364203,51,
hi_n50000-52-s183617890c55566386.ukp,hi,50000,,,183617890,55566386,52,
hi_n50000-53-s174653861c37344181.ukp,hi,50000,,,174653861,37344181,53,
hi_n50000-54-s539601603c12709874.ukp,hi,50000,,,539601603,12709874,54,
hi_n50000-55-s760758831c11377422.ukp,hi,50000,,,760758831,11377422,55,
hi_n50000-56-s943575858c28478111.ukp,hi,50000,,,943575858,28478111,56,
hi_n50000-57-s578238354c97195157.ukp,hi,50000,,,578238354,97195157,57,
hi_n50000-58-s757232490c8483983.ukp,hi,50000,,,757232490,8483983,58,
hi_n50000-59-s178019452c51843160.ukp,hi,50000,,,178019452,51843160,59,
hi_n50000-6-s398797429c71971621.ukp,hi,50000,,,398797429,71971621,6,
hi_n50000-60-s660566353c13444398.ukp,hi,50000,,,660566353,13444398,60,
hi_n50000-61-s891640290c92369739.ukp,hi,50000,,,891640290,92369739,61,
hi_n50000-62-s131770940c23946082.ukp,hi,50000,,,131770940,23946082,62,
hi_n50000-63-s457237483c40297241.ukp,hi,50000,,,457237483,40297241,63,
hi_n50000-64-s878190975c80352764.ukp,hi,50000,,,878190975,80352764,64,
hi_n50000-65-s76284724c43966896.ukp,hi,50000,,,76284724,43966896,65,
hi_n50000-66-s751246846c72945319.ukp,hi,50000,,,751246846,72945319,66,
hi_n50000-67-s942314578c87891343.ukp,hi,50000,,,942314578,87891343,67,
hi_n50000-68-s591038534c73210230.ukp,hi,50000,,,591038534,73210230,68,
hi_n50000-69-s171832189c95186569.ukp,hi,50000,,,171832189,95186569,69,
hi_n50000-7-s586106970c24692675.ukp,hi,50000,,,586106970,24692675,7,
hi_n50000-70-s177962211c48593938.ukp,hi,50000,,,177962211,48593938,70,
hi_n50000-71-s191284186c88706404.ukp,hi,50000,,,191284186,88706404,71,
hi_n50000-72-s914558283c58667599.ukp,hi,50000,,,914558283,58667599,72,
hi_n50000-73-s36435194c56988426.ukp,hi,50000,,,36435194,56988426,73,
hi_n50000-74-s726744628c19854492.ukp,hi,50000,,,726744628,19854492,74,
hi_n50000-75-s377669997c58709211.ukp,hi,50000,,,377669997,58709211,75,
hi_n50000-76-s437409015c10344355.ukp,hi,50000,,,437409015,10344355,76,
hi_n50000-77-s736725116c56745423.ukp,hi,50000,,,736725116,56745423,77,
hi_n50000-78-s269229181c19167481.ukp,hi,50000,,,269229181,19167481,78,
hi_n50000-79-s642347878c95756884.ukp,hi,50000,,,642347878,95756884,79,
hi_n50000-8-s67683560c5172209.ukp,hi,50000,,,67683560,5172209,8,
hi_n50000-80-s10284050c72892714.ukp,hi,50000,,,10284050,72892714,80,
hi_n50000-81-s81032338c61652913.ukp,hi,50000,,,81032338,61652913,81,
hi_n50000-82-s7449337c80875050.ukp,hi,50000,,,7449337,80875050,82,
hi_n50000-83-s185217113c46722756.ukp,hi,50000,,,185217113,46722756,83,
hi_n50000-84-s379401505c6003373.ukp,hi,50000,,,379401505,6003373,84,
hi_n50000-85-s981659194c26657187.ukp,hi,50000,,,981659194,26657187,85,
hi_n50000-86-s5313477c60876515.ukp,hi,50000,,,5313477,60876515,86,
hi_n50000-87-s438663387c96886442.ukp,hi,50000,,,438663387,96886442,87,
hi_n50000-88-s292252175c79235699.ukp,hi,50000,,,292252175,79235699,88,
hi_n50000-89-s222856866c49297191.ukp,hi,50000,,,222856866,49297191,89,
hi_n50000-9-s915258292c88886832.ukp,hi,50000,,,915258292,88886832,9,
hi_n50000-90-s962238163c45953168.ukp,hi,50000,,,962238163,45953168,90,
hi_n50000-91-s580479505c21370040.ukp,hi,50000,,,580479505,21370040,91,
hi_n50000-92-s102695567c48228257.ukp,hi,50000,,,102695567,48228257,92,
hi_n50000-93-s727623794c51173456.ukp,hi,50000,,,727623794,51173456,93,
hi_n50000-94-s9656937c32838569.ukp,hi,50000,,,9656937,32838569,94,
hi_n50000-95-s155870397c31665439.ukp,hi,50000,,,155870397,31665439,95,
hi_n50000-96-s622778615c22764011.ukp,hi,50000,,,622778615,22764011,96,
hi_n50000-97-s932484623c89435820.ukp,hi,50000,,,932484623,89435820,97,
hi_n50000-98-s475574108c43975076.ukp,hi,50000,,,475574108,43975076,98,
hi_n50000-99-s190469618c86128637.ukp,hi,50000,,,190469618,86128637,99,
